Workbook

Sheet HSD Consumption Master Seet
A1: HSD CONSUMPTION REPORT
A2: MONTH :- | C2: 46235 | E2: RIG NAME :- | G2: GTC-100-1
B3: OPERATIONAL HOURS | G3: Rig Carrier CAT (C-15) | J3: Mud Pump CAT (C-15) | M3: DG SET -1 (125 KVA SUPERNOVA) | P3: DG SET -2 ( 125 KVA SUPERNOVA) | S3: DG SET- 3 (30 KVA SUPERNOVA) | V3: Electrical Air Compressor (Kirloskar) | Y3: Fire Pump (Kirloskar) | AB3: Water Tanker (GJ-08 v - 2430) | AE3: Water Tanker (GJ-18-AZ-1825) | AH3: WATER TANKER ( GJ-01-BY-5368) | AK3: OTHERS (CLEANING & SERVICING) | AL3: TRANSFERRED
A4: Date | B4: R1 | C4: R2 | D4: R3 | E4: ILM/IPM | F4: TOTAL HOURS | G4: Total Consu. HSD | H4: Total running HRS | I4: Day Average | J4: Total Consu. HSD | K4: Total running HRS | L4: Day Average | M4: Total Consu. HSD | N4: Total running HRS | O4: Day Average | P4: Total Consu. HSD | Q4: Total running HRS | R4: Day Average | S4: Total Consu. HSD | T4: Total running HRS | U4: Day Average | V4: Total Consu. HSD | W4: Total running HRS | X4: Day Average | Y4: Total Consu. HSD | Z4: Total running HRS | AA4: Day Average | AB4: Total Consu. HSD | AC4: Total running HRS | AD4: Day Average | AE4: Total Consu. HSD | AF4: Total running HRS | AG4: Day Average | AH4: Total Consu. HSD | AI4: Total running HRS | AJ4: Day Average | AK4: Total Consu. HSD | AL4: Total Consu. HSD | AM4: Total Consu. HSD | AN4: Total running HRS | AO4: Day Average | AP4: TRANSFER GTC 200-01 | AQ4: Total running HRS | AR4: Day Average | AS4: Total Consu. HSD | AT4: Total Consu. HSD | AU4: Total running HRS | AV4: Day Average | AW4: Total Consu. HSD | AX4: Total running HRS | AY4: Day Average | AZ4: Total Consu. HSD | BA4: Total running HRS | BB4: Day Average | BC4: Total Consu. HSD | BD4: Total running HRS | BE4: Day Average | BF4: Total Consu. HSD | BG4: Total running HRS | BH4: Day Average | BI4: Total Consu. HSD | BJ4: Total running HRS | BK4: Day Average | BL4: RIG CONSUMPTION | BM4: TOTAL CONSUMPTION
A5: 46235 | B5: ='1'!C4 -> 7.5 | C5: ='1'!D4 -> 9.5 | D5: ='1'!E4 -> 0 | E5: ='1'!F4 -> 0 | F5: =SUM(B5:E5) -> 17 | G5: ='1'!E6 -> 22 | H5: ='1'!F6 -> 3.5 | I5: =G5/H5 -> 6.2857143 | J5: ='1'!E7 -> 78 | K5: ='1'!F7 -> 5.5 | L5: =J5/K5 -> 14.181818 | M5: ='1'!E8 -> 0 | N5: ='1'!F8 -> 0 | O5: =AVERAGE(M5/N5) -> #DIV/0! | P5: ='1'!E9 -> 144 | Q5: ='1'!F9 -> 24 | R5: =AVERAGE(P5/Q5) -> 6 | S5: ='1'!E10 -> 0 | T5: ='1'!F10 -> 0 | U5: =AVERAGE(S5/T5) -> #DIV/0! | V5: ='1'!E11 -> 0 | W5: ='1'!F11 -> 0 | X5: =V5/W5 -> #DIV/0! | Y5: ='1'!E12 -> 0 | Z5: ='1'!F12 -> 0 | AA5: =Y5/Z5 -> #DIV/0! | AB5: ='1'!E13 -> 0 | AC5: ='1'!F13 -> 0 | AD5: =AB5/AC5 -> #DIV/0! | AE5: ='1'!E14 -> 0 | AF5: ='1'!F14 -> 0 | AG5: =AE5/AF5 -> #DIV/0! | AH5: ='1'!E15 -> 0 | AI5: ='1'!F15 -> 0 | AJ5: =AH5/AI5 -> #DIV/0! | AK5: ='1'!E16 -> 10 | AL5: ='1'!E17 -> 0 | AM5: ='1'!E18 -> 0 | AN5: ='1'!F18 -> 0 | AO5: =AM5/AN5 -> #DIV/0! | AP5: ='1'!E19 -> 0 | AQ5: ='1'!F19 -> 0 | AR5: =AP5/AQ5 -> #DIV/0! | AS5: ='1'!E20 -> 0 | AT5: ='1'!E21 -> 0 | AU5: ='1'!F21 -> 0 | AV5: =AT5/AU5 -> #DIV/0! | AW5: ='1'!E22 -> 0 | AX5: ='1'!F22 -> 0 | AY5: =AW5/AX5 -> #DIV/0! | AZ5: ='1'!E23 -> 0 | BA5: ='1'!F23 -> 0 | BB5: =AZ5/BA5 -> #DIV/0! | BC5: ='1'!E24 -> 0 | BD5: ='1'!F24 -> 0 | BE5: =BC5/BD5 -> #DIV/0! | BF5: ='1'!E25 -> 0 | BG5: ='1'!F25 -> 0 | BH5: =BF5/BG5 -> #DIV/0! | BI5: ='1'!E26 -> 0 | BJ5: ='1'!F26 -> 0 | BK5: =BI5/BJ5 -> #DIV/0! | BL5: =G5+J5+M5+P5+S5+V5+Y5 -> 244 | BM5: =BL5+BI5+BF5+BC5+AZ5+AW5+AS5+AP5+AM5+AL5+AK5+AH5+AE5+AB5 -> 254
A6: 46236 | B6: ='2'!C4 -> 20 | C6: ='2'!D4 -> 4 | D6: ='2'!E4 -> 0 | E6: ='2'!F4 -> 0 | F6: =SUM(B6:E6) -> 24 | G6: ='2'!E6 -> 135 | H6: ='2'!F6 -> 18 | I6: =G6/H6 -> 7.5 | J6: ='2'!E7 -> 80 | K6: ='2'!F7 -> 4.5 | L6: =J6/K6 -> 17.777778 | M6: ='2'!E8 -> 0 | N6: ='2'!F8 -> 0 | O6: =AVERAGE(M6/N6) -> #DIV/0! | P6: ='2'!E9 -> 143 | Q6: ='2'!F9 -> 24 | R6: =AVERAGE(P6/Q6) -> 5.9583333 | S6: ='2'!E10 -> 0 | T6: ='2'!F10 -> 0 | U6: =AVERAGE(S6/T6) -> #DIV/0! | V6: ='2'!E11 -> 0 | W6: ='2'!F11 -> 0 | X6: =V6/W6 -> #DIV/0! | Y6: ='2'!E12 -> 3 | Z6: ='2'!F12 -> 1 | AA6: =Y6/Z6 -> 3 | AB6: ='2'!E13 -> 0 | AC6: ='2'!F13 -> 0 | AD6: =AB6/AC6 -> #DIV/0! | AE6: ='2'!E14 -> 0 | AF6: ='2'!F14 -> 0 | AG6: =AE6/AF6 -> #DIV/0! | AH6: ='2'!E15 -> 0 | AI6: ='2'!F15 -> 0 | AJ6: =AH6/AI6 -> #DIV/0! | AK6: ='2'!E16 -> 0 | AL6: ='2'!E17 -> 0 | AM6: ='2'!E18 -> 0 | AN6: ='2'!F18 -> 0 | AO6: =AM6/AN6 -> #DIV/0! | AP6: ='2'!E19 -> 0 | AQ6: ='2'!F19 -> 0 | AR6: =AP6/AQ6 -> #DIV/0! | AS6: ='2'!E20 -> 0 | AT6: ='2'!E21 -> 0 | AU6: ='2'!F21 -> 0 | AV6: =AT6/AU6 -> #DIV/0! | AW6: ='2'!E22 -> 0 | AX6: ='2'!F22 -> 0 | AY6: =AW6/AX6 -> #DIV/0! | AZ6: ='2'!E23 -> 0 | BA6: ='2'!F23 -> 0 | BB6: =AZ6/BA6 -> #DIV/0! | BC6: ='2'!E24 -> 0 | BD6: ='2'!F24 -> 0 | BE6: =BC6/BD6 -> #DIV/0! | BF6: ='2'!E25 -> 0 | BG6: ='2'!F25 -> 0 | BH6: =BF6/BG6 -> #DIV/0! | BI6: ='2'!E26 -> 0 | BJ6: ='2'!F26 -> 0 | BK6: =BI6/BJ6 -> #DIV/0! | BL6: =G6+J6+M6+P6+S6+V6+Y6 -> 361 | BM6: =BL6+BI6+BF6+BC6+AZ6+AW6+AS6+AP6+AM6+AL6+AK6+AH6+AE6+AB6 -> 361
A7: 46237 | B7: ='3'!C4 -> 7.5 | C7: ='3'!D4 -> 1 | D7: ='3'!E4 -> 15.5 | E7: ='3'!F4 -> 0 | F7: =SUM(B7:E7) -> 24 | G7: ='3'!E6 -> 58 | H7: ='3'!F6 -> 10 | I7: =G7/H7 -> 5.8 | J7: ='3'!E7 -> 0 | K7: ='3'!F7 -> 0 | L7: =J7/K7 -> #DIV/0! | M7: ='3'!E8 -> 0 | N7: ='3'!F8 -> 0 | O7: =AVERAGE(M7/N7) -> #DIV/0! | P7: ='3'!E9 -> 150 | Q7: ='3'!F9 -> 24 | R7: =AVERAGE(P7/Q7) -> 6.25 | S7: ='3'!E10 -> 0 | T7: ='3'!F10 -> 0 | U7: =AVERAGE(S7/T7) -> #DIV/0! | V7: ='3'!E11 -> 0 | W7: ='3'!F11 -> 0 | X7: =V7/W7 -> #DIV/0! | Y7: ='3'!E12 -> 0 | Z7: ='3'!F12 -> 0 | AA7: =Y7/Z7 -> #DIV/0! | AB7: ='3'!E13 -> 0 | AC7: ='3'!F13 -> 0 | AD7: =AB7/AC7 -> #DIV/0! | AE7: ='3'!E14 -> 0 | AF7: ='3'!F14 -> 0 | AG7: =AE7/AF7 -> #DIV/0! | AH7: ='3'!E15 -> 0 | AI7: ='3'!F15 -> 0 | AJ7: =AH7/AI7 -> #DIV/0! | AK7: ='3'!E16 -> 0 | AL7: ='3'!E17 -> 0 | AM7: ='3'!E18 -> 0 | AN7: ='3'!F18 -> 0 | AO7: =AM7/AN7 -> #DIV/0! | AP7: ='3'!E19 -> 0 | AQ7: ='3'!F19 -> 0 | AR7: =AP7/AQ7 -> #DIV/0! | AS7: ='3'!E20 -> 0 | AT7: ='3'!E21 -> 0 | AU7: ='3'!F21 -> 0 | AV7: =AT7/AU7 -> #DIV/0! | AW7: ='3'!E22 -> 0 | AX7: ='3'!F22 -> 0 | AY7: =AW7/AX7 -> #DIV/0! | AZ7: ='3'!E23 -> 0 | BA7: ='3'!F23 -> 0 | BB7: =AZ7/BA7 -> #DIV/0! | BC7: ='3'!E24 -> 0 | BD7: ='3'!F24 -> 0 | BE7: =BC7/BD7 -> #DIV/0! | BF7: ='3'!E25 -> 0 | BG7: ='3'!F25 -> 0 | BH7: =BF7/BG7 -> #DIV/0! | BI7: ='3'!E26 -> 0 | BJ7: ='3'!F26 -> 0 | BK7: =BI7/BJ7 -> #DIV/0! | BL7: =G7+J7+M7+P7+S7+V7+Y7 -> 208 | BM7: =BL7+BI7+BF7+BC7+AZ7+AW7+AS7+AP7+AM7+AL7+AK7+AH7+AE7+AB7 -> 208
A8: 46238 | B8: ='4'!C4 -> 12.5 | C8: ='4'!D4 -> 9 | D8: ='4'!E4 -> 2.5 | E8: ='4'!F4 -> 0 | F8: =SUM(B8:E8) -> 24 | G8: ='4'!E6 -> 110 | H8: ='4'!F6 -> 18 | I8: =G8/H8 -> 6.1111111 | J8: ='4'!E7 -> 75 | K8: ='4'!F7 -> 6 | L8: =J8/K8 -> 12.5 | M8: ='4'!E8 -> 70 | N8: ='4'!F8 -> 12 | O8: =AVERAGE(M8/N8) -> 5.8333333 | P8: ='4'!E9 -> 74 | Q8: ='4'!F9 -> 12 | R8: =AVERAGE(P8/Q8) -> 6.1666667 | S8: ='4'!E10 -> 0 | T8: ='4'!F10 -> 0 | U8: =AVERAGE(S8/T8) -> #DIV/0! | V8: ='4'!E11 -> 0 | W8: ='4'!F11 -> 0 | X8: =V8/W8 -> #DIV/0! | Y8: ='4'!E12 -> 3 | Z8: ='4'!F12 -> 1 | AA8: =Y8/Z8 -> 3 | AB8: ='4'!E13 -> 0 | AC8: ='4'!F13 -> 0 | AD8: =AB8/AC8 -> #DIV/0! | AE8: ='4'!E14 -> 0 | AF8: ='4'!F14 -> 0 | AG8: =AE8/AF8 -> #DIV/0! | AH8: ='4'!E15 -> 0 | AI8: ='4'!F15 -> 0 | AJ8: =AH8/AI8 -> #DIV/0! | AK8: ='4'!E16 -> 0 | AL8: ='4'!E17 -> 0 | AM8: ='4'!E18 -> 0 | AN8: ='4'!F18 -> 0 | AO8: =AM8/AN8 -> #DIV/0! | AP8: ='4'!E19 -> 0 | AQ8: ='4'!F19 -> 0 | AR8: =AP8/AQ8 -> #DIV/0! | AS8: ='4'!E20 -> 0 | AT8: ='4'!E21 -> 0 | AU8: ='4'!F21 -> 0 | AV8: =AT8/AU8 -> #DIV/0! | AW8: ='4'!E22 -> 0 | AX8: ='4'!F22 -> 0 | AY8: =AW8/AX8 -> #DIV/0! | AZ8: ='4'!E23 -> 0 | BA8: ='4'!F23 -> 0 | BB8: =AZ8/BA8 -> #DIV/0! | BC8: ='4'!E24 -> 0 | BD8: ='4'!F24 -> 0 | BE8: =BC8/BD8 -> #DIV/0! | BF8: ='4'!E25 -> 0 | BG8: ='4'!F25 -> 0 | BH8: =BF8/BG8 -> #DIV/0! | BI8: ='4'!E26 -> 0 | BJ8: ='4'!F26 -> 0 | BK8: =BI8/BJ8 -> #DIV/0! | BL8: =G8+J8+M8+P8+S8+V8+Y8 -> 332 | BM8: =BL8+BI8+BF8+BC8+AZ8+AW8+AS8+AP8+AM8+AL8+AK8+AH8+AE8+AB8 -> 332
A9: 46239 | B9: ='5'!C4 -> 13.5 | C9: ='5'!D4 -> 10.5 | D9: ='5'!E4 -> 0 | E9: ='5'!F4 -> 0 | F9: =SUM(B9:E9) -> 24 | G9: ='5'!E6 -> 105 | H9: ='5'!F6 -> 15 | I9: =G9/H9 -> 7 | J9: ='5'!E7 -> 0 | K9: ='5'!F7 -> 0 | L9: =J9/K9 -> #DIV/0! | M9: ='5'!E8 -> 148 | N9: ='5'!F8 -> 24 | O9: =AVERAGE(M9/N9) -> 6.1666667 | P9: ='5'!E9 -> 0 | Q9: ='5'!F9 -> 0 | R9: =AVERAGE(P9/Q9) -> #DIV/0! | S9: ='5'!E10 -> 0 | T9: ='5'!F10 -> 0 | U9: =AVERAGE(S9/T9) -> #DIV/0! | V9: ='5'!E12 -> 0 | W9: ='5'!F12 -> 0 | X9: =V9/W9 -> #DIV/0! | Y9: ='5'!E13 -> 0 | Z9: ='5'!F13 -> 0 | AA9: =Y9/Z9 -> #DIV/0! | AB9: ='5'!E14 -> 0 | AC9: ='5'!F14 -> 0 | AD9: =AB9/AC9 -> #DIV/0! | AE9: ='5'!E15 -> 0 | AF9: ='5'!F15 -> 0 | AG9: =AE9/AF9 -> #DIV/0! | AH9: ='5'!E16 -> 0 | AI9: ='5'!F16 -> 0 | AJ9: =AH9/AI9 -> #DIV/0! | AK9: ='5'!E17 -> 0 | AL9: ='5'!E18 -> 0 | AM9: ='5'!E19 -> 0 | AN9: ='5'!F19 -> 0 | AO9: =AM9/AN9 -> #DIV/0! | AP9: ='5'!E20 -> 0 | AQ9: ='5'!F20 -> 0 | AR9: =AP9/AQ9 -> #DIV/0! | AS9: ='5'!E21 -> 0 | AT9: ='5'!E22 -> 0 | AU9: ='5'!F22 -> 0 | AV9: =AT9/AU9 -> #DIV/0! | AW9: ='5'!E23 -> 0 | AX9: ='5'!F23 -> 0 | AY9: =AW9/AX9 -> #DIV/0! | AZ9: ='5'!E24 -> 0 | BA9: ='5'!F24 -> 0 | BB9: =AZ9/BA9 -> #DIV/0! | BC9: ='5'!E25 -> 0 | BD9: ='5'!F25 -> 0 | BE9: =BC9/BD9 -> #DIV/0! | BF9: ='5'!E26 -> 0 | BG9: ='5'!F26 -> 0 | BH9: =BF9/BG9 -> #DIV/0! | BI9: ='5'!E27 -> 0 | BJ9: ='5'!F27 -> 0 | BK9: =BI9/BJ9 -> #DIV/0! | BL9: =G9+J9+M9+P9+S9+V9+Y9 -> 253 | BM9: =BL9+BI9+BF9+BC9+AZ9+AW9+AS9+AP9+AM9+AL9+AK9+AH9+AE9+AB9 -> 253
A10: 46240 | B10: ='6'!C4 -> 0 | C10: ='6'!D4 -> 1 | D10: ='6'!E4 -> 23 | E10: ='6'!F4 -> 0 | F10: =SUM(B10:E10) -> 24 | G10: ='6'!E6 -> 12 | H10: ='6'!F6 -> 2 | I10: =G10/H10 -> 6 | J10: ='6'!E7 -> 0 | K10: ='6'!F7 -> 0 | L10: =J10/K10 -> #DIV/0! | M10: ='6'!E8 -> 0 | N10: ='6'!F8 -> 0 | O10: =AVERAGE(M10/N10) -> #DIV/0! | P10: ='6'!E9 -> 155 | Q10: ='6'!F9 -> 24 | R10: =AVERAGE(P10/Q10) -> 6.4583333 | S10: ='6'!E10 -> 0 | T10: ='6'!F10 -> 0 | U10: =AVERAGE(S10/T10) -> #DIV/0! | V10: ='6'!E11 -> 0 | W10: ='6'!F11 -> 0 | X10: =V10/W10 -> #DIV/0! | Y10: ='6'!E12 -> 0 | Z10: ='6'!F12 -> 0 | AA10: =Y10/Z10 -> #DIV/0! | AB10: ='6'!E13 -> 0 | AC10: ='6'!F13 -> 0 | AD10: =AB10/AC10 -> #DIV/0! | AE10: ='6'!E14 -> 0 | AF10: ='6'!F14 -> 0 | AG10: =AE10/AF10 -> #DIV/0! | AH10: ='6'!E15 -> 0 | AI10: ='6'!F15 -> 0 | AJ10: =AH10/AI10 -> #DIV/0! | AK10: ='6'!E16 -> 0 | AL10: ='6'!E17 -> 0 | AM10: ='6'!E18 -> 0 | AN10: ='6'!F18 -> 0 | AO10: =AM10/AN10 -> #DIV/0! | AP10: ='6'!E19 -> 0 | AQ10: ='6'!F19 -> 0 | AR10: =AP10/AQ10 -> #DIV/0! | AS10: ='6'!E20 -> 0 | AT10: ='6'!E21 -> 0 | AU10: ='6'!F21 -> 0 | AV10: =AT10/AU10 -> #DIV/0! | AW10: ='6'!E22 -> 0 | AX10: ='6'!F22 -> 0 | AY10: =AW10/AX10 -> #DIV/0! | AZ10: ='6'!E23 -> 0 | BA10: ='6'!F23 -> 0 | BB10: =AZ10/BA10 -> #DIV/0! | BC10: ='6'!E24 -> 0 | BD10: ='6'!F24 -> 0 | BE10: =BC10/BD10 -> #DIV/0! | BF10: ='6'!E25 -> 0 | BG10: ='6'!F25 -> 0 | BH10: =BF10/BG10 -> #DIV/0! | BI10: ='6'!E26 -> 0 | BJ10: ='6'!F26 -> 0 | BK10: =BI10/BJ10 -> #DIV/0! | BL10: =G10+J10+M10+P10+S10+V10+Y10 -> 167 | BM10: =BL10+BI10+BF10+BC10+AZ10+AW10+AS10+AP10+AM10+AL10+AK10+AH10+AE10+AB10 -> 167
A11: 46241 | B11: ='7'!C4 -> 19.5 | C11: ='7'!D4 -> 1 | D11: ='7'!E4 -> 3.5 | E11: ='7'!F4 -> 0 | F11: =SUM(B11:E11) -> 24 | G11: ='7'!E6 -> 130 | H11: ='7'!F6 -> 20.5 | I11: =G11/H11 -> 6.3414634 | J11: ='7'!E7 -> 60 | K11: ='7'!F7 -> 3.5 | L11: =J11/K11 -> 17.142857 | M11: ='7'!E8 -> 148 | N11: ='7'!F8 -> 24 | O11: =AVERAGE(M11/N11) -> 6.1666667 | P11: ='7'!E9 -> 0 | Q11: ='7'!F9 -> 0 | R11: =AVERAGE(P11/Q11) -> #DIV/0! | S11: ='7'!E10 -> 0 | T11: ='7'!F10 -> 0 | U11: =AVERAGE(S11/T11) -> #DIV/0! | V11: ='7'!E12 -> 0 | W11: ='7'!F12 -> 0 | X11: =V11/W11 -> #DIV/0! | Y11: ='7'!E13 -> 0 | Z11: ='7'!F13 -> 0 | AA11: =Y11/Z11 -> #DIV/0! | AB11: ='7'!E14 -> 0 | AC11: ='7'!F14 -> 0 | AD11: =AB11/AC11 -> #DIV/0! | AE11: ='7'!E15 -> 0 | AF11: ='7'!F15 -> 0 | AG11: =AE11/AF11 -> #DIV/0! | AH11: ='7'!E16 -> 0 | AI11: ='7'!F16 -> 0 | AJ11: =AH11/AI11 -> #DIV/0! | AK11: ='7'!E17 -> 0 | AL11: ='7'!E18 -> 0 | AM11: ='7'!E19 -> 0 | AN11: ='7'!F19 -> 0 | AO11: =AM11/AN11 -> #DIV/0! | AP11: ='7'!E20 -> 0 | AQ11: ='7'!F20 -> 0 | AR11: =AP11/AQ11 -> #DIV/0! | AS11: ='7'!E21 -> 0 | AT11: ='7'!E22 -> 0 | AU11: ='7'!F22 -> 0 | AV11: =AT11/AU11 -> #DIV/0! | AW11: ='7'!E23 -> 0 | AX11: ='7'!F23 -> 0 | AY11: =AW11/AX11 -> #DIV/0! | AZ11: ='7'!E24 -> 0 | BA11: ='7'!F24 -> 0 | BB11: =AZ11/BA11 -> #DIV/0! | BC11: ='7'!E25 -> 0 | BD11: ='7'!F25 -> 0 | BE11: =BC11/BD11 -> #DIV/0! | BF11: ='7'!E26 -> 0 | BG11: ='7'!F26 -> 0 | BH11: =BF11/BG11 -> #DIV/0! | BI11: ='7'!E27 -> 0 | BJ11: ='7'!F27 -> 0 | BK11: =BI11/BJ11 -> #DIV/0! | BL11: =G11+J11+M11+P11+S11+V11+Y11 -> 338 | BM11: =BL11+BI11+BF11+BC11+AZ11+AW11+AS11+AP11+AM11+AL11+AK11+AH11+AE11+AB11 -> 338
A12: 46242 | B12: ='8'!C4 -> 14.5 | C12: ='8'!D4 -> 1 | D12: ='8'!E4 -> 8.5 | E12: ='8'!F4 -> 0 | F12: =SUM(B12:E12) -> 24 | G12: ='8'!E6 -> 190 | H12: ='8'!F6 -> 22 | I12: =G12/H12 -> 8.6363636 | J12: ='8'!E7 -> 155 | K12: ='8'!F7 -> 8.5 | L12: =J12/K12 -> 18.235294 | M12: ='8'!E8 -> 0 | N12: ='8'!F8 -> 0 | O12: =AVERAGE(M12/N12) -> #DIV/0! | P12: ='8'!E9 -> 148 | Q12: ='8'!F9 -> 24 | R12: =AVERAGE(P12/Q12) -> 6.1666667 | S12: ='8'!E10 -> 0 | T12: ='8'!F10 -> 0 | U12: =AVERAGE(S12/T12) -> #DIV/0! | V12: ='8'!E12 -> 0 | W12: ='8'!F12 -> 0 | X12: =V12/W12 -> #DIV/0! | Y12: ='8'!E13 -> 3 | Z12: ='8'!F13 -> 1 | AA12: =Y12/Z12 -> 3 | AB12: ='8'!E14 -> 0 | AC12: ='8'!F14 -> 0 | AD12: =AB12/AC12 -> #DIV/0! | AE12: ='8'!E15 -> 0 | AF12: ='8'!F15 -> 0 | AG12: =AE12/AF12 -> #DIV/0! | AH12: ='8'!E16 -> 0 | AI12: ='8'!F16 -> 0 | AJ12: =AH12/AI12 -> #DIV/0! | AK12: ='8'!E17 -> 0 | AL12: ='8'!E18 -> 0 | AM12: ='8'!E19 -> 0 | AN12: ='8'!F19 -> 0 | AO12: =AM12/AN12 -> #DIV/0! | AP12: ='8'!E20 -> 0 | AQ12: ='8'!F20 -> 0 | AR12: =AP12/AQ12 -> #DIV/0! | AS12: ='8'!E21 -> 0 | AT12: ='8'!E22 -> 0 | AU12: ='8'!F22 -> 0 | AV12: =AT12/AU12 -> #DIV/0! | AW12: ='8'!E23 -> 0 | AX12: ='8'!F23 -> 0 | AY12: =AW12/AX12 -> #DIV/0! | AZ12: ='8'!E24 -> 0 | BA12: ='8'!F24 -> 0 | BB12: =AZ12/BA12 -> #DIV/0! | BC12: ='8'!E25 -> 0 | BD12: ='8'!F25 -> 0 | BE12: =BC12/BD12 -> #DIV/0! | BF12: ='8'!E26 -> 0 | BG12: ='8'!F26 -> 0 | BH12: =BF12/BG12 -> #DIV/0! | BI12: ='8'!E27 -> 0 | BJ12: ='8'!F27 -> 0 | BK12: =BI12/BJ12 -> #DIV/0! | BL12: =G12+J12+M12+P12+S12+V12+Y12 -> 496 | BM12: =BL12+BI12+BF12+BC12+AZ12+AW12+AS12+AP12+AM12+AL12+AK12+AH12+AE12+AB12 -> 496
A13: 46243 | B13: ='9'!C4 -> 15.25 | C13: ='9'!D4 -> 1.5 | D13: ='9'!E4 -> 7.25 | E13: ='9'!F4 -> 0 | F13: =SUM(B13:E13) -> 24 | G13: ='9'!E6 -> 138 | H13: ='9'!F6 -> 16.3 | I13: =G13/H13 -> 8.4662577 | J13: ='9'!E7 -> 292 | K13: ='9'!F7 -> 14.5 | L13: =J13/K13 -> 20.137931 | M13: ='9'!E8 -> 160 | N13: ='9'!F8 -> 24 | O13: =AVERAGE(M13/N13) -> 6.6666667 | P13: ='9'!E9 -> 0 | Q13: ='9'!F9 -> 0 | R13: =AVERAGE(P13/Q13) -> #DIV/0! | S13: ='9'!E10 -> 0 | T13: ='9'!F10 -> 0 | U13: =AVERAGE(S13/T13) -> #DIV/0! | V13: ='9'!E12 -> 0 | W13: ='9'!F12 -> 0 | X13: =V13/W13 -> #DIV/0! | Y13: ='9'!E13 -> 0 | Z13: ='9'!F13 -> 0 | AA13: =Y13/Z13 -> #DIV/0! | AB13: ='9'!E14 -> 0 | AC13: ='9'!F14 -> 0 | AD13: =AB13/AC13 -> #DIV/0! | AE13: ='9'!E15 -> 0 | AF13: ='9'!F15 -> 0 | AG13: =AE13/AF13 -> #DIV/0! | AH13: ='9'!E16 -> 0 | AI13: ='9'!F16 -> 0 | AJ13: =AH13/AI13 -> #DIV/0! | AK13: ='9'!E17 -> 0 | AL13: ='9'!E18 -> 0 | AM13: ='9'!E19 -> 0 | AN13: ='9'!F19 -> 0 | AO13: =AM13/AN13 -> #DIV/0! | AP13: ='9'!E20 -> 0 | AQ13: ='9'!F20 -> 0 | AR13: =AP13/AQ13 -> #DIV/0! | AS13: ='9'!E21 -> 0 | AT13: ='9'!E22 -> 0 | AU13: ='9'!F22 -> 0 | AV13: =AT13/AU13 -> #DIV/0! | AW13: ='9'!E23 -> 0 | AX13: ='9'!F23 -> 0 | AY13: =AW13/AX13 -> #DIV/0! | AZ13: ='9'!E24 -> 0 | BA13: ='9'!F24 -> 0 | BB13: =AZ13/BA13 -> #DIV/0! | BC13: ='9'!E25 -> 0 | BD13: ='9'!F25 -> 0 | BE13: =BC13/BD13 -> #DIV/0! | BF13: ='9'!E26 -> 0 | BG13: ='9'!F26 -> 0 | BH13: =BF13/BG13 -> #DIV/0! | BI13: ='9'!E27 -> 0 | BJ13: ='9'!F27 -> 0 | BK13: =BI13/BJ13 -> #DIV/0! | BL13: =G13+J13+M13+P13+S13+V13+Y13 -> 590 | BM13: =BL13+BI13+BF13+BC13+AZ13+AW13+AS13+AP13+AM13+AL13+AK13+AH13+AE13+AB13 -> 590
A14: 46244 | B14: ='10'!C4 -> 11 | C14: ='10'!D4 -> 2 | D14: ='10'!E4 -> 11 | E14: ='10'!F4 -> 0 | F14: =SUM(B14:E14) -> 24 | G14: ='10'!E6 -> 90 | H14: ='10'!F6 -> 14.5 | I14: =G14/H14 -> 6.2068966 | J14: ='10'!E7 -> 13 | K14: ='10'!F7 -> 1 | L14: =J14/K14 -> 13 | M14: ='10'!E8 -> 0 | N14: ='10'!F8 -> 0 | O14: =AVERAGE(M14/N14) -> #DIV/0! | P14: ='10'!E9 -> 144 | Q14: ='10'!F9 -> 24 | R14: =AVERAGE(P14/Q14) -> 6 | S14: ='10'!E10 -> 0 | T14: ='10'!F10 -> 0 | U14: =AVERAGE(S14/T14) -> #DIV/0! | V14: ='10'!E12 -> 0 | W14: ='10'!F12 -> 0 | X14: =V14/W14 -> #DIV/0! | Y14: ='10'!E13 -> 0 | Z14: ='10'!F13 -> 0 | AA14: =Y14/Z14 -> #DIV/0! | AB14: ='10'!E14 -> 0 | AC14: ='10'!F14 -> 0 | AD14: =AB14/AC14 -> #DIV/0! | AE14: ='10'!E15 -> 0 | AF14: ='10'!F15 -> 0 | AG14: =AE14/AF14 -> #DIV/0! | AH14: ='10'!E16 -> 0 | AI14: ='10'!F16 -> 0 | AJ14: =AH14/AI14 -> #DIV/0! | AK14: ='10'!E17 -> 0 | AL14: ='10'!E18 -> 0 | AM14: ='10'!E19 -> 0 | AN14: ='10'!F19 -> 0 | AO14: =AM14/AN14 -> #DIV/0! | AP14: ='10'!E20 -> 0 | AQ14: ='10'!F20 -> 0 | AR14: =AP14/AQ14 -> #DIV/0! | AS14: ='10'!E21 -> 0 | AT14: ='10'!E22 -> 0 | AU14: ='10'!F22 -> 0 | AV14: =AT14/AU14 -> #DIV/0! | AW14: ='10'!E23 -> 0 | AX14: ='10'!F23 -> 0 | AY14: =AW14/AX14 -> #DIV/0! | AZ14: ='10'!E24 -> 0 | BA14: ='10'!F24 -> 0 | BB14: =AZ14/BA14 -> #DIV/0! | BC14: ='10'!E25 -> 0 | BD14: ='10'!F25 -> 0 | BE14: =BC14/BD14 -> #DIV/0! | BF14: ='10'!E26 -> 0 | BG14: ='10'!F26 -> 0 | BH14: =BF14/BG14 -> #DIV/0! | BI14: ='10'!E27 -> 0 | BJ14: ='10'!F27 -> 0 | BK14: =BI14/BJ14 -> #DIV/0! | BL14: =G14+J14+M14+P14+S14+V14+Y14 -> 247 | BM14: =BL14+BI14+BF14+BC14+AZ14+AW14+AS14+AP14+AM14+AL14+AK14+AH14+AE14+AB14 -> 247
A15: 46245 | B15: ='11'!C4 -> 16 | C15: ='11'!D4 -> 1 | D15: ='11'!E4 -> 7 | E15: ='11'!F4 -> 0 | F15: =SUM(B15:E15) -> 24 | G15: ='11'!E6 -> 135 | H15: ='11'!F6 -> 18 | I15: =G15/H15 -> 7.5 | J15: ='11'!E7 -> 190 | K15: ='11'!F7 -> 10.5 | L15: =J15/K15 -> 18.095238 | M15: ='11'!E8 -> 150 | N15: ='11'!F8 -> 24 | O15: =AVERAGE(M15/N15) -> 6.25 | P15: ='11'!E9 -> 0 | Q15: ='11'!F9 -> 0 | R15: =AVERAGE(P15/Q15) -> #DIV/0! | S15: ='11'!E10 -> 0 | T15: ='11'!F10 -> 0 | U15: =AVERAGE(S15/T15) -> #DIV/0! | V15: ='11'!E12 -> 0 | W15: ='11'!F12 -> 0 | X15: =V15/W15 -> #DIV/0! | Y15: ='11'!E13 -> 0 | Z15: ='11'!F13 -> 0 | AA15: =Y15/Z15 -> #DIV/0! | AB15: ='11'!E14 -> 0 | AC15: ='11'!F14 -> 0 | AD15: =AB15/AC15 -> #DIV/0! | AE15: ='11'!E15 -> 0 | AF15: ='11'!F15 -> 0 | AG15: =AE15/AF15 -> #DIV/0! | AH15: ='11'!E16 -> 0 | AI15: ='11'!F16 -> 0 | AJ15: =AH15/AI15 -> #DIV/0! | AK15: ='11'!E17 -> 0 | AL15: ='11'!E18 -> 0 | AM15: ='11'!E19 -> 0 | AN15: ='11'!F19 -> 0 | AO15: =AM15/AN15 -> #DIV/0! | AP15: ='11'!E20 -> 0 | AQ15: ='11'!F20 -> 0 | AR15: =AP15/AQ15 -> #DIV/0! | AS15: ='11'!E21 -> 0 | AT15: ='11'!E22 -> 0 | AU15: ='11'!F22 -> 0 | AV15: =AT15/AU15 -> #DIV/0! | AW15: ='11'!E23 -> 0 | AX15: ='11'!F23 -> 0 | AY15: =AW15/AX15 -> #DIV/0! | AZ15: ='11'!E24 -> 0 | BA15: ='11'!F24 -> 0 | BB15: =AZ15/BA15 -> #DIV/0! | BC15: ='11'!E25 -> 0 | BD15: ='11'!F25 -> 0 | BE15: =BC15/BD15 -> #DIV/0! | BF15: ='11'!E26 -> 0 | BG15: ='11'!F26 -> 0 | BH15: =BF15/BG15 -> #DIV/0! | BI15: ='11'!E27 -> 0 | BJ15: ='11'!F27 -> 0 | BK15: =BI15/BJ15 -> #DIV/0! | BL15: =G15+J15+M15+P15+S15+V15+Y15 -> 475 | BM15: =BL15+BI15+BF15+BC15+AZ15+AW15+AS15+AP15+AM15+AL15+AK15+AH15+AE15+AB15 -> 475
A16: 46246 | B16: ='12'!C4 -> 15 | C16: ='12'!D4 -> 1 | D16: ='12'!E4 -> 8 | E16: ='12'!F4 -> 0 | F16: =SUM(B16:E16) -> 24 | G16: ='12'!E6 -> 155 | H16: ='12'!F6 -> 20.4 | I16: =G16/H16 -> 7.5980392 | J16: ='12'!E7 -> 37 | K16: ='12'!F7 -> 2 | L16: =J16/K16 -> 18.5 | M16: ='12'!E8 -> 0 | N16: ='12'!F8 -> 0 | O16: =AVERAGE(M16/N16) -> #DIV/0! | P16: ='12'!E9 -> 148 | Q16: ='12'!F9 -> 24 | R16: =AVERAGE(P16/Q16) -> 6.1666667 | S16: ='12'!E10 -> 0 | T16: ='12'!F10 -> 0 | U16: =AVERAGE(S16/T16) -> #DIV/0! | V16: ='12'!E12 -> 0 | W16: ='12'!F12 -> 0 | X16: =V16/W16 -> #DIV/0! | Y16: ='12'!E13 -> 0 | Z16: ='12'!F13 -> 0 | AA16: =Y16/Z16 -> #DIV/0! | AB16: ='12'!E14 -> 0 | AC16: ='12'!F14 -> 0 | AD16: =AB16/AC16 -> #DIV/0! | AE16: ='12'!E15 -> 0 | AF16: ='12'!F15 -> 0 | AG16: =AE16/AF16 -> #DIV/0! | AH16: ='12'!E16 -> 0 | AI16: ='12'!F16 -> 0 | AJ16: =AH16/AI16 -> #DIV/0! | AK16: ='12'!E17 -> 0 | AL16: ='12'!E18 -> 0 | AM16: ='12'!E19 -> 0 | AN16: ='12'!F19 -> 0 | AO16: =AM16/AN16 -> #DIV/0! | AP16: ='12'!E20 -> 0 | AQ16: ='12'!F20 -> 0 | AR16: =AP16/AQ16 -> #DIV/0! | AS16: ='12'!E21 -> 0 | AT16: ='12'!E22 -> 0 | AU16: ='12'!F22 -> 0 | AV16: =AT16/AU16 -> #DIV/0! | AW16: ='12'!E23 -> 0 | AX16: ='12'!F23 -> 0 | AY16: =AW16/AX16 -> #DIV/0! | AZ16: ='12'!E24 -> 0 | BA16: ='12'!F24 -> 0 | BB16: =AZ16/BA16 -> #DIV/0! | BC16: ='12'!E25 -> 0 | BD16: ='12'!F25 -> 0 | BE16: =BC16/BD16 -> #DIV/0! | BF16: ='12'!E26 -> 0 | BG16: ='12'!F26 -> 0 | BH16: =BF16/BG16 -> #DIV/0! | BI16: ='12'!E27 -> 0 | BJ16: ='12'!F27 -> 0 | BK16: =BI16/BJ16 -> #DIV/0! | BL16: =G16+J16+M16+P16+S16+V16+Y16 -> 340 | BM16: =BL16+BI16+BF16+BC16+AZ16+AW16+AS16+AP16+AM16+AL16+AK16+AH16+AE16+AB16 -> 340
A17: 46247 | B17: ='13'!C4 -> 18.25 | C17: ='13'!D4 -> 1 | D17: ='13'!E4 -> 4.75 | E17: ='13'!F4 -> 0 | F17: =SUM(B17:E17) -> 24 | G17: ='13'!E6 -> 180 | H17: ='13'!F6 -> 21.5 | I17: =G17/H17 -> 8.372093 | J17: ='13'!E7 -> 98 | K17: ='13'!F7 -> 5 | L17: =J17/K17 -> 19.6 | M17: ='13'!E8 -> 143 | N17: ='13'!F8 -> 24 | O17: =AVERAGE(M17/N17) -> 5.9583333 | P17: ='13'!E9 -> 0 | Q17: ='13'!F9 -> 0 | R17: =AVERAGE(P17/Q17) -> #DIV/0! | S17: ='13'!E10 -> 0 | T17: ='13'!F10 -> 0 | U17: =AVERAGE(S17/T17) -> #DIV/0! | V17: ='13'!E12 -> 0 | W17: ='13'!F12 -> 0 | X17: =V17/W17 -> #DIV/0! | Y17: ='13'!E13 -> 0 | Z17: ='13'!F13 -> 0 | AA17: =Y17/Z17 -> #DIV/0! | AB17: ='13'!E14 -> 0 | AC17: ='13'!F14 -> 0 | AD17: =AB17/AC17 -> #DIV/0! | AE17: ='13'!E15 -> 0 | AF17: ='13'!F15 -> 0 | AG17: =AE17/AF17 -> #DIV/0! | AH17: ='13'!E16 -> 0 | AI17: ='13'!F16 -> 0 | AJ17: =AH17/AI17 -> #DIV/0! | AK17: ='13'!E17 -> 0 | AL17: ='13'!E18 -> 0 | AM17: ='13'!E19 -> 0 | AN17: ='13'!F19 -> 0 | AO17: =AM17/AN17 -> #DIV/0! | AP17: ='13'!E20 -> 0 | AQ17: ='13'!F20 -> 0 | AR17: =AP17/AQ17 -> #DIV/0! | AS17: ='13'!E21 -> 0 | AT17: ='13'!E22 -> 0 | AU17: ='13'!F22 -> 0 | AV17: =AT17/AU17 -> #DIV/0! | AW17: ='13'!E23 -> 0 | AX17: ='13'!F23 -> 0 | AY17: =AW17/AX17 -> #DIV/0! | AZ17: ='13'!E24 -> 0 | BA17: ='13'!F24 -> 0 | BB17: =AZ17/BA17 -> #DIV/0! | BC17: ='13'!E25 -> 0 | BD17: ='13'!F25 -> 0 | BE17: =BC17/BD17 -> #DIV/0! | BF17: ='13'!E26 -> 0 | BG17: ='13'!F26 -> 0 | BH17: =BF17/BG17 -> #DIV/0! | BI17: ='13'!E27 -> 0 | BJ17: ='13'!F27 -> 0 | BK17: =BI17/BJ17 -> #DIV/0! | BL17: =G17+J17+M17+P17+S17+V17+Y17 -> 421 | BM17: =BL17+BI17+BF17+BC17+AZ17+AW17+AS17+AP17+AM17+AL17+AK17+AH17+AE17+AB17 -> 421
A18: 46248 | B18: ='14'!C4 -> 10 | C18: ='14'!D4 -> 2 | D18: ='14'!E4 -> 12 | E18: ='14'!F4 -> 0 | F18: =SUM(B18:E18) -> 24 | G18: ='14'!E6 -> 110 | H18: ='14'!F6 -> 15.4 | I18: =G18/H18 -> 7.1428571 | J18: ='14'!E7 -> 0 | K18: ='14'!F7 -> 0 | L18: =J18/K18 -> #DIV/0! | M18: ='14'!E8 -> 0 | N18: ='14'!F8 -> 0 | O18: =AVERAGE(M18/N18) -> #DIV/0! | P18: ='14'!E9 -> 143 | Q18: ='14'!F9 -> 24 | R18: =AVERAGE(P18/Q18) -> 5.9583333 | S18: ='14'!E10 -> 0 | T18: ='14'!F10 -> 0 | U18: =AVERAGE(S18/T18) -> #DIV/0! | V18: ='14'!E12 -> 0 | W18: ='14'!F12 -> 0 | X18: =V18/W18 -> #DIV/0! | Y18: ='14'!E13 -> 0 | Z18: ='14'!F13 -> 0 | AA18: =Y18/Z18 -> #DIV/0! | AB18: ='14'!E1 -> 0 | AC18: ='14'!F14 -> 0 | AD18: =AB18/AC18 -> #DIV/0! | AE18: ='14'!E15 -> 0 | AF18: ='14'!F15 -> 0 | AG18: =AE18/AF18 -> #DIV/0! | AH18: ='14'!E16 -> 0 | AI18: ='14'!F16 -> 0 | AJ18: =AH18/AI18 -> #DIV/0! | AK18: ='14'!E17 -> 0 | AL18: ='14'!E18 -> 0 | AM18: ='14'!E19 -> 0 | AN18: ='14'!F19 -> 0 | AO18: =AM18/AN18 -> #DIV/0! | AP18: ='14'!E20 -> 0 | AQ18: ='14'!F20 -> 0 | AR18: =AP18/AQ18 -> #DIV/0! | AS18: ='14'!E21 -> 0 | AT18: ='14'!E22 -> 0 | AU18: ='14'!F22 -> 0 | AV18: =AT18/AU18 -> #DIV/0! | AW18: ='14'!E23 -> 0 | AX18: ='14'!F23 -> 0 | AY18: =AW18/AX18 -> #DIV/0! | AZ18: ='14'!E24 -> 0 | BA18: ='14'!F24 -> 0 | BB18: =AZ18/BA18 -> #DIV/0! | BC18: ='14'!E25 -> 0 | BD18: ='14'!F25 -> 0 | BE18: =BC18/BD18 -> #DIV/0! | BF18: ='14'!E26 -> 0 | BG18: ='14'!F26 -> 0 | BH18: =BF18/BG18 -> #DIV/0! | BI18: ='14'!E27 -> 0 | BJ18: ='14'!F27 -> 0 | BK18: =BI18/BJ18 -> #DIV/0! | BL18: =G18+J18+M18+P18+S18+V18+Y18 -> 253 | BM18: =BL18+BI18+BF18+BC18+AZ18+AW18+AS18+AP18+AM18+AL18+AK18+AH18+AE18+AB18 -> 253
A19: 46249 | B19: ='15'!C4 -> 12.5 | C19: ='15'!D4 -> 7.5 | D19: ='15'!E4 -> 4 | E19: ='15'!F4 -> 0 | F19: =SUM(B19:E19) -> 24 | G19: ='15'!E6 -> 130 | H19: ='15'!F6 -> 15.5 | I19: =G19/H19 -> 8.3870968 | J19: ='15'!E7 -> 25 | K19: ='15'!F7 -> 1.5 | L19: =J19/K19 -> 16.666667 | M19: ='15'!E8 -> 147 | N19: ='15'!F8 -> 24 | O19: =AVERAGE(M19/N19) -> 6.125 | P19: ='15'!E9 -> 0 | Q19: ='15'!F9 -> 0 | R19: =AVERAGE(P19/Q19) -> #DIV/0! | S19: ='15'!E10 -> 0 | T19: ='15'!F10 -> 0 | U19: =AVERAGE(S19/T19) -> #DIV/0! | V19: ='15'!E12 -> 0 | W19: ='15'!F12 -> 0 | X19: =V19/W19 -> #DIV/0! | Y19: ='15'!E13 -> 6 | Z19: ='15'!F13 -> 2 | AA19: =Y19/Z19 -> 3 | AB19: ='15'!E14 -> 0 | AC19: ='15'!F14 -> 0 | AD19: =AB19/AC19 -> #DIV/0! | AE19: ='15'!E15 -> 0 | AF19: ='15'!F15 -> 0 | AG19: =AE19/AF19 -> #DIV/0! | AH19: ='15'!E16 -> 0 | AI19: ='15'!F16 -> 0 | AJ19: =AH19/AI19 -> #DIV/0! | AK19: ='15'!E17 -> 0 | AL19: ='15'!E18 -> 0 | AM19: ='15'!E19 -> 0 | AN19: ='15'!F19 -> 0 | AO19: =AM19/AN19 -> #DIV/0! | AP19: ='15'!E20 -> 0 | AQ19: ='15'!F20 -> 0 | AR19: =AP19/AQ19 -> #DIV/0! | AS19: ='15'!E21 -> 0 | AT19: ='15'!E22 -> 0 | AU19: ='15'!F22 -> 0 | AV19: =AT19/AU19 -> #DIV/0! | AW19: ='15'!E23 -> 0 | AX19: ='15'!F23 -> 0 | AY19: =AW19/AX19 -> #DIV/0! | AZ19: ='15'!E24 -> 0 | BA19: ='15'!F24 -> 0 | BB19: =AZ19/BA19 -> #DIV/0! | BC19: ='15'!E25 -> 0 | BD19: ='15'!F25 -> 0 | BE19: =BC19/BD19 -> #DIV/0! | BF19: ='15'!E26 -> 0 | BG19: ='15'!F26 -> 0 | BH19: =BF19/BG19 -> #DIV/0! | BI19: ='15'!E27 -> 0 | BJ19: ='15'!F27 -> 0 | BK19: =BI19/BJ19 -> #DIV/0! | BL19: =G19+J19+M19+P19+S19+V19+Y19 -> 308 | BM19: =BL19+BI19+BF19+BC19+AZ19+AW19+AS19+AP19+AM19+AL19+AK19+AH19+AE19+AB19 -> 308
A20: TOTAL:- | B20: =SUM(B5:B19) -> 193 | C20: =SUM(C5:C19) -> 53 | D20: =SUM(D5:D19) -> 107 | E20: =SUM(E5:E19) -> 0 | F20: =SUM(F5:F19) -> 353 | G20: =SUM(G5:G19) -> 1700 | H20: =SUM(H5:H19) -> 230.6 | I20: =G20/H20 -> 7.3720729 | J20: =SUM(J5:J19) -> 1103 | K20: =SUM(K5:K19) -> 62.5 | L20: =J20/K20 -> 17.648 | M20: =SUM(M5:M19) -> 966 | N20: =SUM(N5:N19) -> 156 | O20: =M20/N20 -> 6.1923077 | P20: =SUM(P5:P19) -> 1249 | Q20: =SUM(Q5:Q19) -> 204 | R20: =P20/Q20 -> 6.122549 | S20: =SUM(S5:S19) -> 0 | T20: =SUM(T5:T19) -> 0 | U20: =S20/T20 -> #DIV/0! | V20: =SUM(V5:V19) -> 0 | W20: =SUM(W5:W19) -> 0 | X20: =V20/W20 -> #DIV/0! | Y20: =SUM(Y5:Y19) -> 15 | Z20: =SUM(Z5:Z19) -> 5 | AA20: =Y20/Z20 -> 3 | AB20: =AB5+AB6+AB7+AB8+AB9+AB10+AB11+AB12+AB13+AB14+AB15+AB16+AB17+AB18+AB19 -> 0 | AC20: =AC5+AC6+AC7+AC8+AC9+AC10+AC11+AC12+AC13+AC14+AC15+AC16+AC17+AC18+AC19 -> 0 | AD20: =AB20/AC20 -> #DIV/0! | AE20: =SUM(AE5:AE19) -> 0 | AF20: =SUM(AF5:AF19) -> 0 | AG20: =AE20/AF20 -> #DIV/0! | AH20: =SUM(AH5:AH19) -> 0 | AI20: =SUM(AI5:AI19) -> 0 | AJ20: =AH20/AI20 -> #DIV/0! | AK20: =SUM(AK5:AK19) -> 10 | AL20: =SUM(AL5:AL19) -> 0 | AM20: =SUM(AM5:AM19) -> 0 | AN20: =SUM(AN5:AN19) -> 0 | AO20: =AM20/AN20 -> #DIV/0! | AQ20: =SUM(AQ5:AQ19) -> 0 | AR20: =AP20/AQ20 -> #DIV/0! | AS20: =SUM(AS5:AS19) -> 0 | AT20: =SUM(AT5:AT19) -> 0 | AU20: =SUM(AU5:AU19) -> 0 | AV20: =AT20/AU20 -> #DIV/0! | AW20: =SUM(AW5:AW19) -> 0 | AX20: =SUM(AX5:AX19) -> 0 | AY20: =AW20/AX20 -> #DIV/0! | AZ20: =SUM(AZ5:AZ19) -> 0 | BA20: =SUM(BA5:BA19) -> 0 | BB20: =AZ20/BA20 -> #DIV/0! | BC20: =SUM(BC5:BC19) -> 0 | BD20: =SUM(BD5:BD19) -> 0 | BE20: =BC20/BD20 -> #DIV/0! | BF20: =SUM(BF5:BF19) -> 0 | BG20: =SUM(BG5:BG19) -> 0 | BH20: =BF20/BG20 -> #DIV/0! | BI20: =SUM(BI5:BI19) -> 0 | BJ20: =SUM(BJ5:BJ19) -> 0 | BK20: =BI20/BJ20 -> #DIV/0! | BL20: =BL5+BL6+BL7+BL8+BL9+BL10+BL11+BL12+BL13+BL14+BL15+BL16+BL17+BL18+BL19 -> 5033 | BM20: =BM5+BM6+BM7+BM8+BM9+BM10+BM11+BM12+BM13+BM14+BM15+BM16+BM17+BM18+BM19 -> 5043
A21: 46250 | B21: ='16'!C4 -> 23 | C21: ='16'!D4 -> 1 | D21: ='16'!E4 -> 0 | E21: ='16'!F4 -> 0 | F21: =SUM(B21:E21) -> 24 | G21: ='16'!E6 -> 202 | H21: ='16'!F6 -> 23.5 | I21: =G21/H21 -> 8.5957447 | J21: ='16'!E7 -> 33 | K21: ='16'!F7 -> 2 | L21: =J21/K21 -> 16.5 | M21: ='16'!E8 -> 145 | N21: ='16'!F8 -> 24 | O21: =M21/N21 -> 6.0416667 | P21: ='16'!E9 -> 0 | Q21: ='16'!F9 -> 0 | R21: =AVERAGE(P21/Q21) -> #DIV/0! | S21: ='16'!E10 -> 0 | T21: ='16'!F10 -> 0 | U21: =AVERAGE(S21/T21) -> #DIV/0! | V21: ='16'!E12 -> 0 | W21: ='16'!F12 -> 0 | X21: =V21/W21 -> #DIV/0! | Y21: ='16'!E13 -> 0 | Z21: ='16'!F13 -> 0 | AA21: =Y21/Z21 -> #DIV/0! | AB21: ='16'!E14 -> 0 | AC21: ='16'!F14 -> 0 | AD21: =AB21/AC21 -> #DIV/0! | AE21: ='16'!E15 -> 0 | AF21: ='16'!F15 -> 0 | AG21: =AE21/AF21 -> #DIV/0! | AH21: ='16'!E16 -> 0 | AI21: ='16'!F16 -> 0 | AJ21: =AH21/AI21 -> #DIV/0! | AK21: ='16'!E17 -> 0 | AL21: ='16'!E18 -> 0 | AM21: ='16'!E19 -> 0 | AN21: ='16'!F19 -> 0 | AO21: =AM21/AN21 -> #DIV/0! | AP21: ='16'!E20 -> 0 | AQ21: ='16'!F20 -> 0 | AR21: =AP21/AQ21 -> #DIV/0! | AS21: ='16'!E21 -> 0 | AT21: ='16'!E22 -> 0 | AU21: ='16'!F22 -> 0 | AV21: =AT21/AU21 -> #DIV/0! | AW21: ='16'!E23 -> 0 | AX21: ='16'!F23 -> 0 | AY21: =AW21/AX21 -> #DIV/0! | AZ21: ='16'!E24 -> 0 | BA21: ='16'!F24 -> 0 | BB21: =AZ21/BA21 -> #DIV/0! | BC21: ='16'!E25 -> 0 | BD21: ='16'!F25 -> 0 | BE21: =BC21/BD21 -> #DIV/0! | BF21: ='16'!E26 -> 0 | BG21: ='16'!F26 -> 0 | BH21: =BF21/BG21 -> #DIV/0! | BI21: ='16'!E27 -> 0 | BJ21: ='16'!F27 -> 0 | BK21: =BI21/BJ21 -> #DIV/0! | BL21: =G21+J21+M21+P21+S21+V21+Y21 -> 380 | BM21: =BL21+BI21+BF21+BC21+AZ21+AW21+AS21+AP21+AM21+AL21+AK21+AH21+AE21+AB21 -> 380
A22: 46251 | B22: ='17'!C4 -> 23 | C22: ='17'!D4 -> 1 | D22: ='17'!E4 -> 0 | E22: ='17'!F4 -> 0 | F22: =SUM(B22:E22) -> 24 | G22: ='17'!E6 -> 225 | H22: ='17'!F6 -> 24 | I22: =G22/H22 -> 9.375 | J22: ='17'!E7 -> 40 | K22: ='17'!F7 -> 2.5 | L22: =J22/K22 -> 16 | M22: ='17'!E8 -> 150 | N22: ='17'!F8 -> 20 | O22: =M22/N22 -> 7.5 | P22: ='17'!E9 -> 28 | Q22: ='17'!F9 -> 4 | R22: =AVERAGE(P22/Q22) -> 7 | S22: ='17'!E10 -> 0 | T22: ='17'!F10 -> 0 | U22: =AVERAGE(S22/T22) -> #DIV/0! | V22: ='17'!E12 -> 0 | W22: ='17'!F12 -> 0 | X22: =V22/W22 -> #DIV/0! | Y22: ='17'!E13 -> 6 | Z22: ='17'!F13 -> 2 | AA22: =Y22/Z22 -> 3 | AB22: ='17'!E14 -> 0 | AC22: ='17'!F14 -> 0 | AD22: =AB22/AC22 -> #DIV/0! | AE22: ='17'!E15 -> 0 | AF22: ='17'!F15 -> 0 | AG22: =AE22/AF22 -> #DIV/0! | AH22: ='17'!E16 -> 0 | AI22: ='17'!F16 -> 0 | AJ22: =AH22/AI22 -> #DIV/0! | AK22: ='17'!E17 -> 0 | AL22: ='17'!E18 -> 0 | AM22: ='17'!E19 -> 0 | AN22: ='17'!F19 -> 0 | AO22: =AM22/AN22 -> #DIV/0! | AP22: ='17'!E20 -> 0 | AQ22: ='17'!F20 -> 0 | AR22: =AP22/AQ22 -> #DIV/0! | AS22: ='17'!E21 -> 0 | AT22: ='17'!E22 -> 0 | AU22: ='17'!F22 -> 0 | AV22: =AT22/AU22 -> #DIV/0! | AW22: ='17'!E23 -> 0 | AX22: ='17'!F23 -> 0 | AY22: =AW22/AX22 -> #DIV/0! | AZ22: ='17'!E24 -> 0 | BA22: ='17'!F24 -> 0 | BB22: =AZ22/BA22 -> #DIV/0! | BC22: ='17'!E25 -> 0 | BD22: ='17'!F25 -> 0 | BE22: =BC22/BD22 -> #DIV/0! | BF22: ='17'!E26 -> 0 | BG22: ='17'!F26 -> 0 | BH22: =BF22/BG22 -> #DIV/0! | BI22: ='17'!E27 -> 0 | BJ22: ='17'!F27 -> 0 | BK22: =BI22/BJ22 -> #DIV/0! | BL22: =G22+J22+M22+P22+S22+V22+Y22 -> 449 | BM22: =BL22+BI22+BF22+BC22+AZ22+AW22+AS22+AP22+AM22+AL22+AK22+AH22+AE22+AB22 -> 449
A23: 46252 | B23: ='18'!C4 -> 23 | C23: ='18'!D4 -> 1 | D23: ='18'!E4 -> 0 | E23: ='18'!F4 -> 0 | F23: =SUM(B23:E23) -> 24 | G23: ='18'!E6 -> 200 | H23: ='18'!F6 -> 23.5 | I23: =G23/H23 -> 8.5106383 | J23: ='18'!E7 -> 17 | K23: ='18'!F7 -> 1 | L23: =J23/K23 -> 17 | M23: ='18'!E8 -> 83 | N23: ='18'!F8 -> 12 | O23: =M23/N23 -> 6.9166667 | P23: ='18'!E9 -> 75 | Q23: ='18'!F9 -> 12 | R23: =AVERAGE(P23/Q23) -> 6.25 | S23: ='18'!E10 -> 0 | T23: ='18'!F10 -> 0 | U23: =AVERAGE(S23/T23) -> #DIV/0! | V23: ='18'!E12 -> 0 | W23: ='18'!F12 -> 0 | X23: =V23/W23 -> #DIV/0! | Y23: ='18'!E13 -> 0 | Z23: ='18'!F13 -> 0 | AA23: =Y23/Z23 -> #DIV/0! | AB23: ='18'!E14 -> 0 | AC23: ='18'!F14 -> 0 | AD23: =AB23/AC23 -> #DIV/0! | AE23: ='18'!E15 -> 0 | AF23: ='18'!F15 -> 0 | AG23: =AE23/AF23 -> #DIV/0! | AH23: ='18'!E16 -> 0 | AI23: ='18'!F16 -> 0 | AJ23: =AH23/AI23 -> #DIV/0! | AK23: ='18'!E17 -> 0 | AL23: ='18'!E18 -> 0 | AM23: ='18'!E19 -> 0 | AN23: ='18'!F19 -> 0 | AO23: =AM23/AN23 -> #DIV/0! | AP23: ='18'!E20 -> 0 | AQ23: ='18'!F20 -> 0 | AR23: =AP23/AQ23 -> #DIV/0! | AS23: ='18'!E21 -> 0 | AT23: ='18'!E22 -> 0 | AU23: ='18'!F22 -> 0 | AV23: =AT23/AU23 -> #DIV/0! | AW23: ='18'!E23 -> 0 | AX23: ='18'!F23 -> 0 | AY23: =AW23/AX23 -> #DIV/0! | AZ23: ='18'!E24 -> 0 | BA23: ='18'!F24 -> 0 | BB23: =AZ23/BA23 -> #DIV/0! | BC23: ='18'!E25 -> 0 | BD23: ='18'!F25 -> 0 | BE23: =BC23/BD23 -> #DIV/0! | BF23: ='18'!E26 -> 0 | BG23: ='18'!F26 -> 0 | BH23: =BF23/BG23 -> #DIV/0! | BI23: ='18'!E27 -> 0 | BJ23: ='18'!F27 -> 0 | BK23: =BI23/BJ23 -> #DIV/0! | BL23: =G23+J23+M23+P23+S23+V23+Y23 -> 375 | BM23: =BL23+BI23+BF23+BC23+AZ23+AW23+AS23+AP23+AM23+AL23+AK23+AH23+AE23+AB23 -> 375
A24: 46253 | B24: ='19'!C4 -> 23 | C24: ='19'!D4 -> 1 | D24: ='19'!E4 -> 0 | E24: ='19'!F4 -> 0 | F24: =SUM(B24:E24) -> 24 | G24: ='19'!E6 -> 215 | H24: ='19'!F6 -> 23.5 | I24: =G24/H24 -> 9.1489362 | J24: ='19'!E7 -> 140 | K24: ='19'!F7 -> 6.5 | L24: =J24/K24 -> 21.538462 | M24: ='19'!E8 -> 80 | N24: ='19'!F8 -> 12 | O24: =M24/N24 -> 6.6666667 | P24: ='19'!E9 -> 70 | Q24: ='19'!F9 -> 12 | R24: =AVERAGE(P24/Q24) -> 5.8333333 | S24: ='19'!E10 -> 0 | T24: ='19'!F10 -> 0 | U24: =AVERAGE(S24/T24) -> #DIV/0! | V24: ='19'!E12 -> 0 | W24: ='19'!F12 -> 0 | X24: =V24/W24 -> #DIV/0! | Y24: ='19'!E13 -> 0 | Z24: ='19'!F13 -> 0 | AA24: =Y24/Z24 -> #DIV/0! | AB24: ='19'!E14 -> 0 | AC24: ='19'!F14 -> 0 | AD24: =AB24/AC24 -> #DIV/0! | AE24: ='19'!E15 -> 0 | AF24: ='19'!F15 -> 0 | AG24: =AE24/AF24 -> #DIV/0! | AH24: ='19'!E16 -> 0 | AI24: ='19'!F16 -> 0 | AJ24: =AH24/AI24 -> #DIV/0! | AK24: ='19'!E17 -> 0 | AL24: ='19'!E18 -> 0 | AM24: ='19'!E19 -> 0 | AN24: ='19'!F19 -> 0 | AO24: =AM24/AN24 -> #DIV/0! | AP24: ='19'!E20 -> 0 | AQ24: ='19'!F20 -> 0 | AR24: =AP24/AQ24 -> #DIV/0! | AS24: ='19'!E21 -> 0 | AT24: ='19'!E22 -> 0 | AU24: ='19'!F22 -> 0 | AV24: =AT24/AU24 -> #DIV/0! | AW24: ='19'!E23 -> 0 | AX24: ='19'!F23 -> 0 | AY24: =AW24/AX24 -> #DIV/0! | AZ24: ='19'!E24 -> 0 | BA24: ='19'!F24 -> 0 | BB24: =AZ24/BA24 -> #DIV/0! | BC24: ='19'!E25 -> 0 | BD24: ='19'!F25 -> 0 | BE24: =BC24/BD24 -> #DIV/0! | BF24: ='19'!E26 -> 0 | BG24: ='19'!F26 -> 0 | BH24: =BF24/BG24 -> #DIV/0! | BI24: ='19'!E27 -> 0 | BJ24: ='19'!F27 -> 0 | BK24: =BI24/BJ24 -> #DIV/0! | BL24: =G24+J24+M24+P24+S24+V24+Y24 -> 505 | BM24: =BL24+BI24+BF24+BC24+AZ24+AW24+AS24+AP24+AM24+AL24+AK24+AH24+AE24+AB24 -> 505
A25: 46254 | B25: ='20'!C4 -> 23.5 | C25: ='20'!D4 -> 0.5 | D25: ='20'!E4 -> 0 | E25: ='20'!F4 -> 0 | F25: =SUM(B25:E25) -> 24 | G25: ='20'!E6 -> 250 | H25: ='20'!F6 -> 24 | I25: =G25/H25 -> 10.416667 | J25: ='20'!E7 -> 71 | K25: ='20'!F7 -> 3.5 | L25: =J25/K25 -> 20.285714 | M25: ='20'!E8 -> 80 | N25: ='20'!F8 -> 12 | O25: =M25/N25 -> 6.6666667 | P25: ='20'!E9 -> 74 | Q25: ='20'!F9 -> 12 | R25: =AVERAGE(P25/Q25) -> 6.1666667 | S25: ='20'!E10 -> 0 | T25: ='20'!F10 -> 0 | U25: =AVERAGE(S25/T25) -> #DIV/0! | V25: ='20'!E12 -> 0 | W25: ='20'!F12 -> 0 | X25: =V25/W25 -> #DIV/0! | Y25: ='20'!E13 -> 3 | Z25: ='20'!F13 -> 1 | AA25: =Y25/Z25 -> 3 | AB25: ='20'!E14 -> 0 | AC25: ='20'!F14 -> 0 | AD25: =AB25/AC25 -> #DIV/0! | AE25: ='20'!E15 -> 0 | AF25: ='20'!F15 -> 0 | AG25: =AE25/AF25 -> #DIV/0! | AH25: ='20'!E16 -> 0 | AI25: ='20'!F16 -> 0 | AJ25: =AH25/AI25 -> #DIV/0! | AK25: ='20'!E17 -> 25 | AL25: ='20'!E18 -> 0 | AM25: ='20'!E19 -> 0 | AN25: ='20'!F19 -> 0 | AO25: =AM25/AN25 -> #DIV/0! | AP25: ='20'!E20 -> 0 | AQ25: ='20'!F20 -> 0 | AR25: =AP25/AQ25 -> #DIV/0! | AS25: ='20'!E21 -> 0 | AT25: ='20'!E22 -> 0 | AU25: ='20'!F22 -> 0 | AV25: =AT25/AU25 -> #DIV/0! | AW25: ='20'!E23 -> 0 | AX25: ='20'!F23 -> 0 | AY25: =AW25/AX25 -> #DIV/0! | AZ25: ='20'!E24 -> 0 | BA25: ='20'!F24 -> 0 | BB25: =AZ25/BA25 -> #DIV/0! | BC25: ='20'!E25 -> 0 | BD25: ='20'!F25 -> 0 | BE25: =BC25/BD25 -> #DIV/0! | BF25: ='20'!E26 -> 0 | BG25: ='20'!F26 -> 0 | BH25: =BF25/BG25 -> #DIV/0! | BI25: ='20'!E27 -> 0 | BJ25: ='20'!F27 -> 0 | BK25: =BI25/BJ25 -> #DIV/0! | BL25: =G25+J25+M25+P25+S25+V25+Y25 -> 478 | BM25: =BL25+BI25+BF25+BC25+AZ25+AW25+AS25+AP25+AM25+AL25+AK25+AH25+AE25+AB25 -> 503
A26: 46255 | B26: ='21'!C4 -> 0 | C26: ='21'!D4 -> 0 | D26: ='21'!E4 -> 0 | E26: ='21'!F4 -> 0 | F26: =SUM(B26:E26) -> 0 | G26: ='21'!E6 -> 0 | H26: ='21'!F6 -> 0 | I26: =G26/H26 -> #DIV/0! | J26: ='21'!E7 -> 0 | K26: ='21'!F7 -> 0 | L26: =J26/K26 -> #DIV/0! | M26: ='21'!E8 -> 0 | N26: ='21'!F8 -> 0 | O26: =M26/N26 -> #DIV/0! | P26: ='21'!E9 -> 0 | Q26: ='21'!F9 -> 0 | R26: =AVERAGE(P26/Q26) -> #DIV/0! | S26: ='21'!E10 -> 0 | T26: ='21'!F10 -> 0 | U26: =AVERAGE(S26/T26) -> #DIV/0! | V26: ='21'!E12 -> 0 | W26: ='21'!F12 -> 0 | X26: =V26/W26 -> #DIV/0! | Y26: ='21'!E13 -> 0 | Z26: ='21'!F13 -> 0 | AA26: =Y26/Z26 -> #DIV/0! | AB26: ='21'!E14 -> 0 | AC26: ='21'!F14 -> 0 | AD26: =AB26/AC26 -> #DIV/0! | AE26: ='21'!E15 -> 0 | AF26: ='21'!F15 -> 0 | AG26: =AE26/AF26 -> #DIV/0! | AH26: ='21'!E16 -> 0 | AI26: ='21'!F16 -> 0 | AJ26: =AH26/AI26 -> #DIV/0! | AK26: ='21'!E17 -> 0 | AL26: ='21'!E18 -> 0 | AM26: ='21'!E19 -> 0 | AN26: ='21'!F19 -> 0 | AO26: =AM26/AN26 -> #DIV/0! | AP26: ='21'!E20 -> 0 | AQ26: ='21'!F20 -> 0 | AR26: =AP26/AQ26 -> #DIV/0! | AS26: ='21'!E21 -> 0 | AT26: ='21'!E22 -> 0 | AU26: ='21'!F22 -> 0 | AV26: =AT26/AU26 -> #DIV/0! | AW26: ='21'!E23 -> 0 | AX26: ='21'!F23 -> 0 | AY26: =AW26/AX26 -> #DIV/0! | AZ26: ='21'!E24 -> 0 | BA26: ='21'!F24 -> 0 | BB26: =AZ26/BA26 -> #DIV/0! | BC26: ='21'!E25 -> 0 | BD26: ='21'!F25 -> 0 | BE26: =BC26/BD26 -> #DIV/0! | BF26: ='21'!E26 -> 0 | BG26: ='21'!F26 -> 0 | BH26: =BF26/BG26 -> #DIV/0! | BI26: ='21'!E27 -> 0 | BJ26: ='21'!F27 -> 0 | BK26: =BI26/BJ26 -> #DIV/0! | BL26: =G26+J26+M26+P26+S26+V26+Y26 -> 0 | BM26: =BL26+BI26+BF26+BC26+AZ26+AW26+AS26+AP26+AM26+AL26+AK26+AH26+AE26+AB26 -> 0
A27: 46256 | B27: ='22'!C4 -> 0 | C27: ='22'!D4 -> 0 | D27: ='22'!E4 -> 0 | E27: ='22'!F4 -> 0 | F27: =SUM(B27:E27) -> 0 | G27: ='22'!E6 -> 0 | H27: ='22'!F6 -> 0 | I27: =G27/H27 -> #DIV/0! | J27: ='22'!E7 -> 0 | K27: ='22'!F7 -> 0 | L27: =J27/K27 -> #DIV/0! | M27: ='22'!E8 -> 0 | N27: ='22'!F8 -> 0 | O27: =M27/N27 -> #DIV/0! | P27: ='22'!E9 -> 0 | Q27: ='22'!F9 -> 0 | R27: =AVERAGE(P27/Q27) -> #DIV/0! | S27: ='22'!E10 -> 0 | T27: ='22'!F10 -> 0 | U27: =AVERAGE(S27/T27) -> #DIV/0! | V27: ='22'!E12 -> 0 | W27: ='22'!F12 -> 0 | X27: =V27/W27 -> #DIV/0! | Y27: ='22'!E13 -> 0 | Z27: ='22'!F13 -> 0 | AA27: =Y27/Z27 -> #DIV/0! | AB27: ='22'!E14 -> 0 | AC27: ='22'!F14 -> 0 | AD27: =AB27/AC27 -> #DIV/0! | AE27: ='22'!E15 -> 0 | AF27: ='22'!F15 -> 0 | AG27: =AE27/AF27 -> #DIV/0! | AH27: ='22'!E16 -> 0 | AI27: ='22'!F16 -> 0 | AJ27: =AH27/AI27 -> #DIV/0! | AK27: ='22'!E17 -> 0 | AL27: ='22'!E18 -> 0 | AM27: ='22'!E19 -> 0 | AN27: ='22'!F19 -> 0 | AO27: =AM27/AN27 -> #DIV/0! | AP27: ='22'!E20 -> 0 | AQ27: ='22'!F20 -> 0 | AR27: =AP27/AQ27 -> #DIV/0! | AS27: ='22'!E21 -> 0 | AT27: ='22'!E22 -> 0 | AU27: ='22'!F22 -> 0 | AV27: =AT27/AU27 -> #DIV/0! | AW27: ='22'!E23 -> 0 | AX27: ='22'!F23 -> 0 | AY27: =AW27/AX27 -> #DIV/0! | AZ27: ='22'!E24 -> 0 | BA27: ='22'!F24 -> 0 | BB27: =AZ27/BA27 -> #DIV/0! | BC27: ='22'!E25 -> 0 | BD27: ='22'!F25 -> 0 | BE27: =BC27/BD27 -> #DIV/0! | BF27: ='22'!E26 -> 0 | BG27: ='22'!F26 -> 0 | BH27: =BF27/BG27 -> #DIV/0! | BI27: ='22'!E27 -> 0 | BJ27: ='22'!F27 -> 0 | BK27: =BI27/BJ27 -> #DIV/0! | BL27: =G27+J27+M27+P27+S27+V27+Y27 -> 0 | BM27: =BL27+BI27+BF27+BC27+AZ27+AW27+AS27+AP27+AM27+AL27+AK27+AH27+AE27+AB27 -> 0
A28: 46257 | B28: ='23'!C4 -> 0 | C28: ='23'!D4 -> 0 | D28: ='23'!E4 -> 0 | E28: ='23'!F4 -> 0 | F28: =SUM(B28:E28) -> 0 | G28: ='23'!E6 -> 0 | H28: ='23'!F6 -> 0 | I28: =G28/H28 -> #DIV/0! | J28: ='23'!E7 -> 0 | K28: ='23'!F7 -> 0 | L28: =J28/K28 -> #DIV/0! | M28: ='23'!E8 -> 0 | N28: ='23'!F8 -> 0 | O28: =M28/N28 -> #DIV/0! | P28: ='23'!E9 -> 0 | Q28: ='23'!F9 -> 0 | R28: =AVERAGE(P28/Q28) -> #DIV/0! | S28: ='23'!E10 -> 0 | T28: ='23'!F10 -> 0 | U28: =AVERAGE(S28/T28) -> #DIV/0! | V28: ='23'!E12 -> 0 | W28: ='23'!F12 -> 0 | X28: =V28/W28 -> #DIV/0! | Y28: ='23'!E13 -> 0 | Z28: ='23'!F13 -> 0 | AA28: =Y28/Z28 -> #DIV/0! | AB28: ='23'!E14 -> 0 | AC28: ='23'!F14 -> 0 | AD28: =AB28/AC28 -> #DIV/0! | AE28: ='23'!E15 -> 0 | AF28: ='23'!F15 -> 0 | AG28: =AE28/AF28 -> #DIV/0! | AH28: ='23'!E16 -> 0 | AI28: ='23'!F16 -> 0 | AJ28: =AH28/AI28 -> #DIV/0! | AK28: ='23'!E17 -> 0 | AL28: ='23'!E18 -> 0 | AM28: ='23'!E19 -> 0 | AN28: ='23'!F19 -> 0 | AO28: =AM28/AN28 -> #DIV/0! | AP28: ='23'!E20 -> 0 | AQ28: ='23'!F20 -> 0 | AR28: =AP28/AQ28 -> #DIV/0! | AS28: ='23'!E21 -> 0 | AT28: ='23'!E22 -> 0 | AU28: ='23'!F22 -> 0 | AV28: =AT28/AU28 -> #DIV/0! | AW28: ='23'!E23 -> 0 | AX28: ='23'!F23 -> 0 | AY28: =AW28/AX28 -> #DIV/0! | AZ28: ='23'!E24 -> 0 | BA28: ='23'!F24 -> 0 | BB28: =AZ28/BA28 -> #DIV/0! | BC28: ='23'!E25 -> 0 | BD28: ='23'!F25 -> 0 | BE28: =BC28/BD28 -> #DIV/0! | BF28: ='23'!E26 -> 0 | BG28: ='23'!F26 -> 0 | BH28: =BF28/BG28 -> #DIV/0! | BI28: ='23'!E27 -> 0 | BJ28: ='23'!F27 -> 0 | BK28: =BI28/BJ28 -> #DIV/0! | BL28: =G28+J28+M28+P28+S28+V28+Y28 -> 0 | BM28: =BL28+BI28+BF28+BC28+AZ28+AW28+AS28+AP28+AM28+AL28+AK28+AH28+AE28+AB28 -> 0
A29: 46258 | B29: ='24'!C4 -> 0 | C29: ='24'!D4 -> 0 | D29: ='24'!E4 -> 0 | E29: ='24'!F4 -> 0 | F29: =SUM(B29:E29) -> 0 | G29: ='24'!E6 -> 0 | H29: ='24'!F6 -> 0 | I29: =G29/H29 -> #DIV/0! | J29: ='24'!E7 -> 0 | K29: ='24'!F7 -> 0 | L29: =J29/K29 -> #DIV/0! | M29: ='24'!E8 -> 0 | N29: ='24'!F8 -> 0 | O29: =M29/N29 -> #DIV/0! | P29: ='24'!E9 -> 0 | Q29: ='24'!F9 -> 0 | R29: =AVERAGE(P29/Q29) -> #DIV/0! | S29: ='24'!E10 -> 0 | T29: ='24'!F10 -> 0 | U29: =AVERAGE(S29/T29) -> #DIV/0! | V29: ='24'!E12 -> 0 | W29: ='24'!F12 -> 0 | X29: =V29/W29 -> #DIV/0! | Y29: ='24'!E13 -> 0 | Z29: ='24'!F13 -> 0 | AA29: =Y29/Z29 -> #DIV/0! | AB29: ='24'!E14 -> 0 | AC29: ='24'!F14 -> 0 | AD29: =AB29/AC29 -> #DIV/0! | AE29: ='24'!E15 -> 0 | AF29: ='24'!F15 -> 0 | AG29: =AE29/AF29 -> #DIV/0! | AH29: ='24'!E16 -> 0 | AI29: ='24'!F16 -> 0 | AJ29: =AH29/AI29 -> #DIV/0! | AK29: ='24'!E17 -> 0 | AL29: ='24'!E18 -> 0 | AM29: ='24'!E19 -> 0 | AN29: ='24'!F19 -> 0 | AO29: =AM29/AN29 -> #DIV/0! | AP29: ='24'!E20 -> 0 | AQ29: ='24'!F20 -> 0 | AR29: =AP29/AQ29 -> #DIV/0! | AS29: ='24'!E21 -> 0 | AT29: ='24'!E22 -> 0 | AU29: ='24'!F22 -> 0 | AV29: =AT29/AU29 -> #DIV/0! | AW29: ='24'!E23 -> 0 | AX29: ='24'!F23 -> 0 | AY29: =AW29/AX29 -> #DIV/0! | AZ29: ='24'!E24 -> 0 | BA29: ='24'!F24 -> 0 | BB29: =AZ29/BA29 -> #DIV/0! | BC29: ='24'!E25 -> 0 | BD29: ='24'!F25 -> 0 | BE29: =BC29/BD29 -> #DIV/0! | BF29: ='24'!E26 -> 0 | BG29: ='24'!F26 -> 0 | BH29: =BF29/BG29 -> #DIV/0! | BI29: ='24'!E27 -> 0 | BJ29: ='24'!F27 -> 0 | BK29: =BI29/BJ29 -> #DIV/0! | BL29: =G29+J29+M29+P29+S29+V29+Y29 -> 0 | BM29: =BL29+BI29+BF29+BC29+AZ29+AW29+AS29+AP29+AM29+AL29+AK29+AH29+AE29+AB29 -> 0
A30: 46259 | B30: ='25'!C4 -> 0 | C30: ='25'!D4 -> 0 | D30: ='25'!E4 -> 0 | E30: ='25'!F4 -> 0 | F30: =SUM(B30:E30) -> 0 | G30: ='25'!E6 -> 0 | H30: ='25'!F6 -> 0 | I30: =G30/H30 -> #DIV/0! | J30: ='25'!E7 -> 0 | K30: ='25'!F7 -> 0 | L30: =J30/K30 -> #DIV/0! | M30: ='25'!E8 -> 0 | N30: ='25'!F8 -> 0 | O30: =M30/N30 -> #DIV/0! | P30: ='25'!E9 -> 0 | Q30: ='25'!F9 -> 0 | R30: =AVERAGE(P30/Q30) -> #DIV/0! | S30: ='25'!E10 -> 0 | T30: ='25'!F10 -> 0 | U30: =AVERAGE(S30/T30) -> #DIV/0! | V30: ='25'!E12 -> 0 | W30: ='25'!F12 -> 0 | X30: =V30/W30 -> #DIV/0! | Y30: ='25'!E13 -> 0 | Z30: ='25'!F13 -> 0 | AA30: =Y30/Z30 -> #DIV/0! | AB30: ='25'!E14 -> 0 | AC30: ='25'!F14 -> 0 | AD30: =AB30/AC30 -> #DIV/0! | AE30: ='25'!E15 -> 0 | AF30: ='25'!F15 -> 0 | AG30: =AE30/AF30 -> #DIV/0! | AH30: ='25'!E16 -> 0 | AI30: ='25'!F16 -> 0 | AJ30: =AH30/AI30 -> #DIV/0! | AK30: ='25'!E17 -> 0 | AL30: ='25'!E18 -> 0 | AM30: ='25'!E19 -> 0 | AN30: ='25'!F19 -> 0 | AO30: =AM30/AN30 -> #DIV/0! | AP30: ='25'!E20 -> 0 | AQ30: ='25'!F20 -> 0 | AR30: =AP30/AQ30 -> #DIV/0! | AS30: ='25'!E21 -> 0 | AT30: ='25'!E22 -> 0 | AU30: ='25'!F22 -> 0 | AV30: =AT30/AU30 -> #DIV/0! | AW30: ='25'!E23 -> 0 | AX30: ='25'!F23 -> 0 | AY30: =AW30/AX30 -> #DIV/0! | AZ30: ='25'!E24 -> 0 | BA30: ='25'!F24 -> 0 | BB30: =AZ30/BA30 -> #DIV/0! | BC30: ='25'!E25 -> 0 | BD30: ='25'!F25 -> 0 | BE30: =BC30/BD30 -> #DIV/0! | BF30: ='25'!E26 -> 0 | BG30: ='25'!F26 -> 0 | BH30: =BF30/BG30 -> #DIV/0! | BI30: ='25'!E27 -> 0 | BJ30: ='25'!F27 -> 0 | BK30: =BI30/BJ30 -> #DIV/0! | BL30: =G30+J30+M30+P30+S30+V30+Y30 -> 0 | BM30: =BL30+BI30+BF30+BC30+AZ30+AW30+AS30+AP30+AM30+AL30+AK30+AH30+AE30+AB30 -> 0
A31: 46260 | B31: ='26'!C4 -> 0 | C31: ='26'!D4 -> 0 | D31: ='26'!E4 -> 0 | E31: ='26'!F4 -> 0 | F31: =SUM(B31:E31) -> 0 | G31: ='26'!E6 -> 0 | H31: ='26'!F6 -> 0 | I31: =G31/H31 -> #DIV/0! | J31: ='26'!E7 -> 0 | K31: ='26'!F7 -> 0 | L31: =J31/K31 -> #DIV/0! | M31: ='26'!E8 -> 0 | N31: ='26'!F8 -> 0 | O31: =M31/N31 -> #DIV/0! | P31: ='26'!E9 -> 0 | Q31: ='26'!F9 -> 0 | R31: =AVERAGE(P31/Q31) -> #DIV/0! | S31: ='26'!E10 -> 0 | T31: ='26'!F10 -> 0 | U31: =AVERAGE(S31/T31) -> #DIV/0! | V31: ='26'!E12 -> 0 | W31: ='26'!F12 -> 0 | X31: =V31/W31 -> #DIV/0! | Y31: ='26'!E13 -> 0 | Z31: ='26'!F13 -> 0 | AA31: =Y31/Z31 -> #DIV/0! | AB31: ='26'!E14 -> 0 | AC31: ='26'!F14 -> 0 | AD31: =AB31/AC31 -> #DIV/0! | AE31: ='26'!E15 -> 0 | AF31: ='26'!F15 -> 0 | AG31: =AE31/AF31 -> #DIV/0! | AH31: ='26'!E16 -> 0 | AI31: ='26'!F16 -> 0 | AJ31: =AH31/AI31 -> #DIV/0! | AK31: ='26'!E17 -> 0 | AL31: ='26'!E18 -> 0 | AM31: ='26'!E19 -> 0 | AN31: ='26'!F19 -> 0 | AO31: =AM31/AN31 -> #DIV/0! | AP31: ='26'!E20 -> 0 | AQ31: ='26'!F20 -> 0 | AR31: =AP31/AQ31 -> #DIV/0! | AS31: ='26'!E21 -> 0 | AT31: ='26'!E22 -> 0 | AU31: ='26'!F22 -> 0 | AV31: =AT31/AU31 -> #DIV/0! | AW31: ='26'!E23 -> 0 | AX31: ='26'!F23 -> 0 | AY31: =AW31/AX31 -> #DIV/0! | AZ31: ='26'!E24 -> 0 | BA31: ='26'!F24 -> 0 | BB31: =AZ31/BA31 -> #DIV/0! | BC31: ='26'!E25 -> 0 | BD31: ='26'!F25 -> 0 | BE31: =BC31/BD31 -> #DIV/0! | BF31: ='26'!E26 -> 0 | BG31: ='26'!F26 -> 0 | BH31: =BF31/BG31 -> #DIV/0! | BI31: ='26'!E27 -> 0 | BJ31: ='26'!F27 -> 0 | BK31: =BI31/BJ31 -> #DIV/0! | BL31: =G31+J31+M31+P31+S31+V31+Y31 -> 0 | BM31: =BL31+BI31+BF31+BC31+AZ31+AW31+AS31+AP31+AM31+AL31+AK31+AH31+AE31+AB31 -> 0
A32: 46261 | B32: ='27'!C4 -> 0 | C32: ='27'!D4 -> 0 | D32: ='27'!E4 -> 0 | E32: ='27'!F4 -> 0 | F32: =SUM(B32:E32) -> 0 | G32: ='27'!E6 -> 0 | H32: ='27'!F6 -> 0 | I32: =G32/H32 -> #DIV/0! | J32: ='27'!E7 -> 0 | K32: ='27'!F7 -> 0 | L32: =J32/K32 -> #DIV/0! | M32: ='27'!E8 -> 0 | N32: ='27'!F8 -> 0 | O32: =M32/N32 -> #DIV/0! | P32: ='27'!E9 -> 0 | Q32: ='27'!F9 -> 0 | R32: =AVERAGE(P32/Q32) -> #DIV/0! | S32: ='27'!E10 -> 0 | T32: ='27'!F10 -> 0 | U32: =AVERAGE(S32/T32) -> #DIV/0! | V32: ='27'!E12 -> 0 | W32: ='27'!F12 -> 0 | X32: =V32/W32 -> #DIV/0! | Y32: ='27'!E13 -> 0 | Z32: ='27'!F13 -> 0 | AA32: =Y32/Z32 -> #DIV/0! | AB32: ='27'!E14 -> 0 | AC32: ='27'!F14 -> 0 | AD32: =AB32/AC32 -> #DIV/0! | AE32: ='27'!E15 -> 0 | AF32: ='27'!F15 -> 0 | AG32: =AE32/AF32 -> #DIV/0! | AH32: ='27'!E16 -> 0 | AI32: ='27'!F16 -> 0 | AJ32: =AH32/AI32 -> #DIV/0! | AK32: ='27'!E17 -> 0 | AL32: ='27'!E18 -> 0 | AM32: ='27'!E19 -> 0 | AN32: ='27'!F19 -> 0 | AO32: =AM32/AN32 -> #DIV/0! | AP32: ='27'!E20 -> 0 | AQ32: ='27'!F20 -> 0 | AR32: =AP32/AQ32 -> #DIV/0! | AS32: ='27'!E21 -> 0 | AT32: ='27'!E22 -> 0 | AU32: ='27'!F22 -> 0 | AV32: =AT32/AU32 -> #DIV/0! | AW32: ='27'!E23 -> 0 | AX32: ='27'!F23 -> 0 | AY32: =AW32/AX32 -> #DIV/0! | AZ32: ='27'!E24 -> 0 | BA32: ='27'!F24 -> 0 | BB32: =AZ32/BA32 -> #DIV/0! | BC32: ='27'!E25 -> 0 | BD32: ='27'!F25 -> 0 | BE32: =BC32/BD32 -> #DIV/0! | BF32: ='27'!E26 -> 0 | BG32: ='27'!F26 -> 0 | BH32: =BF32/BG32 -> #DIV/0! | BI32: ='27'!E27 -> 0 | BJ32: ='27'!F27 -> 0 | BK32: =BI32/BJ32 -> #DIV/0! | BL32: =G32+J32+M32+P32+S32+V32+Y32 -> 0 | BM32: =BL32+BI32+BF32+BC32+AZ32+AW32+AS32+AP32+AM32+AL32+AK32+AH32+AE32+AB32 -> 0
A33: 46262 | B33: ='28'!C4 -> 0 | C33: ='28'!D4 -> 0 | D33: ='28'!E4 -> 0 | E33: ='28'!F4 -> 0 | F33: =SUM(B33:E33) -> 0 | G33: ='28'!E6 -> 0 | H33: ='28'!F6 -> 0 | I33: =G33/H33 -> #DIV/0! | J33: ='28'!E7 -> 0 | K33: ='28'!F7 -> 0 | L33: =J33/K33 -> #DIV/0! | M33: ='28'!E8 -> 0 | N33: ='28'!F8 -> 0 | O33: =M33/N33 -> #DIV/0! | P33: ='28'!E9 -> 0 | Q33: ='28'!F9 -> 0 | R33: =AVERAGE(P33/Q33) -> #DIV/0! | S33: ='28'!E10 -> 0 | T33: ='28'!F10 -> 0 | U33: =AVERAGE(S33/T33) -> #DIV/0! | V33: ='28'!E12 -> 0 | W33: ='28'!F12 -> 0 | X33: =V33/W33 -> #DIV/0! | Y33: ='28'!E13 -> 0 | Z33: ='28'!F13 -> 0 | AA33: =Y33/Z33 -> #DIV/0! | AB33: ='28'!E14 -> 0 | AC33: ='28'!F14 -> 0 | AD33: =AB33/AC33 -> #DIV/0! | AE33: ='28'!E15 -> 0 | AF33: ='28'!F15 -> 0 | AG33: =AE33/AF33 -> #DIV/0! | AH33: ='28'!E16 -> 0 | AI33: ='28'!F16 -> 0 | AJ33: =AH33/AI33 -> #DIV/0! | AK33: ='28'!E17 -> 0 | AL33: ='28'!E18 -> 0 | AM33: ='28'!E19 -> 0 | AN33: ='28'!F19 -> 0 | AO33: =AM33/AN33 -> #DIV/0! | AP33: ='28'!E20 -> 0 | AQ33: ='28'!F20 -> 0 | AR33: =AP33/AQ33 -> #DIV/0! | AS33: ='28'!E21 -> 0 | AT33: ='28'!E22 -> 0 | AU33: ='28'!F22 -> 0 | AV33: =AT33/AU33 -> #DIV/0! | AW33: ='28'!E26 -> 0 | AX33: ='28'!F26 -> 0 | AY33: =AW33/AX33 -> #DIV/0! | AZ33: ='28'!E24 -> 0 | BA33: ='28'!F24 -> 0 | BB33: =AZ33/BA33 -> #DIV/0! | BC33: ='28'!E25 -> 0 | BD33: ='28'!F25 -> 0 | BE33: =BC33/BD33 -> #DIV/0! | BF33: ='28'!E26 -> 0 | BG33: ='28'!F26 -> 0 | BH33: =BF33/BG33 -> #DIV/0! | BI33: ='28'!E27 -> 0 | BJ33: ='28'!F27 -> 0 | BK33: =BI33/BJ33 -> #DIV/0! | BL33: =G33+J33+M33+P33+S33+V33+Y33 -> 0 | BM33: =BL33+BI33+BF33+BC33+AZ33+AW33+AS33+AP33+AM33+AL33+AK33+AH33+AE33+AB33 -> 0
A34: 46263 | B34: ='29'!C4 -> 0 | C34: ='29'!D4 -> 0 | D34: ='29'!E4 -> 0 | E34: ='29'!F4 -> 0 | F34: =SUM(B34:E34) -> 0 | G34: ='29'!E6 -> 0 | H34: ='29'!F6 -> 0 | I34: =G34/H34 -> #DIV/0! | J34: ='29'!E7 -> 0 | K34: ='29'!F7 -> 0 | L34: =J34/K34 -> #DIV/0! | M34: ='29'!E8 -> 0 | N34: ='29'!F8 -> 0 | O34: =M34/N34 -> #DIV/0! | P34: ='29'!E9 -> 0 | Q34: ='29'!F9 -> 0 | R34: =AVERAGE(P34/Q34) -> #DIV/0! | S34: ='29'!E10 -> 0 | T34: ='29'!F10 -> 0 | U34: =AVERAGE(S34/T34) -> #DIV/0! | V34: ='29'!E12 -> 0 | W34: ='29'!F12 -> 0 | X34: =V34/W34 -> #DIV/0! | Y34: ='29'!E13 -> 0 | Z34: ='29'!F13 -> 0 | AA34: =Y34/Z34 -> #DIV/0! | AB34: ='29'!E14 -> 0 | AC34: ='29'!F14 -> 0 | AD34: =AB34/AC34 -> #DIV/0! | AE34: ='29'!E15 -> 0 | AF34: ='29'!F15 -> 0 | AG34: =AE34/AF34 -> #DIV/0! | AH34: ='29'!E16 -> 0 | AI34: ='29'!F16 -> 0 | AJ34: =AH34/AI34 -> #DIV/0! | AK34: ='29'!E17 -> 0 | AL34: ='29'!E18 -> 0 | AM34: ='29'!E19 -> 0 | AN34: ='29'!F19 -> 0 | AO34: =AM34/AN34 -> #DIV/0! | AP34: ='29'!E20 -> 0 | AQ34: ='29'!F20 -> 0 | AR34: =AP34/AQ34 -> #DIV/0! | AS34: ='29'!E21 -> 0 | AT34: ='29'!E22 -> 0 | AU34: ='29'!F22 -> 0 | AV34: =AT34/AU34 -> #DIV/0! | AW34: ='29'!E23 -> 0 | AX34: ='29'!F23 -> 0 | AY34: =AW34/AX34 -> #DIV/0! | AZ34: ='29'!E24 -> 0 | BA34: ='29'!F24 -> 0 | BB34: =AZ34/BA34 -> #DIV/0! | BC34: ='29'!E25 -> 0 | BD34: ='29'!F25 -> 0 | BE34: =BC34/BD34 -> #DIV/0! | BF34: ='29'!E26 -> 0 | BG34: ='29'!F26 -> 0 | BH34: =BF34/BG34 -> #DIV/0! | BI34: ='29'!E27 -> 0 | BJ34: ='29'!F27 -> 0 | BK34: =BI34/BJ34 -> #DIV/0! | BL34: =G34+J34+M34+P34+S34+V34+Y34 -> 0 | BM34: =BL34+BI34+BF34+BC34+AZ34+AW34+AS34+AP34+AM34+AL34+AK34+AH34+AE34+AB34 -> 0
A35: 46264 | B35: ='30'!C4 -> 0 | C35: ='30'!D4 -> 0 | D35: ='30'!E4 -> 0 | E35: ='30'!F4 -> 0 | F35: =SUM(B35:E35) -> 0 | G35: ='30'!E6 -> 0 | H35: ='30'!F6 -> 0 | I35: =G35/H35 -> #DIV/0! | J35: ='30'!E7 -> 0 | K35: ='30'!F7 -> 0 | L35: =J35/K35 -> #DIV/0! | M35: ='30'!E8 -> 0 | N35: ='30'!F8 -> 0 | O35: =M35/N35 -> #DIV/0! | P35: ='30'!E9 -> 0 | Q35: ='30'!F9 -> 0 | R35: =AVERAGE(P35/Q35) -> #DIV/0! | S35: ='30'!E10 -> 0 | T35: ='30'!F10 -> 0 | U35: =AVERAGE(S35/T35) -> #DIV/0! | V35: ='30'!E12 -> 0 | W35: ='30'!F12 -> 0 | X35: =V35/W35 -> #DIV/0! | Y35: ='30'!E13 -> 0 | Z35: ='30'!F13 -> 0 | AA35: =Y35/Z35 -> #DIV/0! | AB35: ='30'!E14 -> 0 | AC35: ='30'!F14 -> 0 | AD35: =AB35/AC35 -> #DIV/0! | AE35: ='30'!E15 -> 0 | AF35: ='30'!F15 -> 0 | AG35: =AE35/AF35 -> #DIV/0! | AH35: ='30'!E16 -> 0 | AI35: ='30'!F16 -> 0 | AJ35: =AH35/AI35 -> #DIV/0! | AK35: ='30'!E17 -> 0 | AL35: ='30'!E18 -> 0 | AM35: ='30'!E19 -> 0 | AN35: ='30'!F19 -> 0 | AO35: =AM35/AN35 -> #DIV/0! | AP35: ='30'!E20 -> 0 | AQ35: ='30'!F20 -> 0 | AR35: =AP35/AQ35 -> #DIV/0! | AS35: ='30'!E21 -> 0 | AT35: ='30'!E22 -> 0 | AU35: ='30'!F22 -> 0 | AV35: =AT35/AU35 -> #DIV/0! | AW35: ='30'!E23 -> 0 | AX35: ='30'!F23 -> 0 | AY35: =AW35/AX35 -> #DIV/0! | AZ35: ='30'!E24 -> 0 | BA35: ='30'!F24 -> 0 | BB35: =AZ35/BA35 -> #DIV/0! | BC35: ='30'!E25 -> 0 | BD35: ='30'!F25 -> 0 | BE35: =BC35/BD35 -> #DIV/0! | BF35: ='30'!E26 -> 0 | BG35: ='30'!F26 -> 0 | BH35: =BF35/BG35 -> #DIV/0! | BI35: ='30'!E27 -> 0 | BJ35: ='30'!F27 -> 0 | BK35: =BI35/BJ35 -> #DIV/0! | BL35: =G35+J35+M35+P35+S35+#REF!+V35+Y35 -> #REF! | BM35: =BL35+BI35+BF35+BC35+AZ35+AW35+AS35+AP35+AM35+AL35+AK35+AH35+AE35+AB35 -> #REF!
A36: 46265 | B36: ='31'!C4 -> 0 | C36: ='31'!D4 -> 0 | D36: ='31'!E4 -> 0 | E36: ='31'!F4 -> 0 | F36: =SUM(B36:E36) -> 0 | G36: ='31'!E6 -> 0 | H36: ='31'!F6 -> 0 | I36: =G36/H36 -> #DIV/0! | J36: ='31'!E7 -> 0 | K36: ='31'!F7 -> 0 | L36: =J36/K36 -> #DIV/0! | M36: ='31'!E8 -> 0 | N36: ='31'!F8 -> 0 | O36: =M36/N36 -> #DIV/0! | P36: ='31'!E9 -> 0 | Q36: ='31'!F9 -> 0 | R36: =AVERAGE(P36/Q36) -> #DIV/0! | S36: ='31'!E10 -> 0 | T36: ='31'!F10 -> 0 | U36: =AVERAGE(S36/T36) -> #DIV/0! | V36: ='31'!E11 -> 0 | W36: ='31'!F11 -> 0 | X36: =V36/W36 -> #DIV/0! | Y36: ='31'!E12 -> 0 | Z36: ='31'!F12 -> 0 | AA36: =Y36/Z36 -> #DIV/0! | AB36: ='31'!E13 -> 0 | AC36: ='31'!F13 -> 0 | AD36: =AB36/AC36 -> #DIV/0! | AE36: ='31'!E14 -> 0 | AF36: ='31'!F14 -> 0 | AG36: =AE36/AF36 -> #DIV/0! | AH36: ='31'!E15 -> 0 | AI36: ='31'!F15 -> 0 | AJ36: =AH36/AI36 -> #DIV/0! | AK36: ='31'!E16 -> 0 | AL36: ='31'!E17 -> 0 | AM36: ='31'!E18 -> 0 | AN36: ='31'!F18 -> 0 | AO36: =AM36/AN36 -> #DIV/0! | AP36: ='31'!E19 -> 0 | AQ36: ='31'!F19 -> 0 | AR36: =AP36/AQ36 -> #DIV/0! | AS36: ='31'!E20 -> 0 | AT36: ='31'!E21 -> 0 | AU36: ='31'!F21 -> 0 | AV36: =AT36/AU36 -> #DIV/0! | AW36: ='31'!E22 -> 0 | AX36: ='31'!F22 -> 0 | AY36: =AW36/AX36 -> #DIV/0! | AZ36: ='31'!E23 -> 0 | BA36: ='31'!F23 -> 0 | BB36: =AZ36/BA36 -> #DIV/0! | BC36: ='31'!E24 -> 0 | BD36: ='31'!F24 -> 0 | BE36: =BC36/BD36 -> #DIV/0! | BF36: ='31'!E25 -> 0 | BG36: ='31'!F25 -> 0 | BH36: =BF36/BG36 -> #DIV/0! | BI36: ='31'!E26 -> 0 | BJ36: ='31'!F26 -> 0 | BK36: =BI36/BJ36 -> #DIV/0! | BL36: =G36+J36+M36+P36+S36+#REF!+V36+Y36 -> #REF! | BM36: =BL36+BI36+BF36+BC36+AZ36+AW36+AS36+AP36+AM36+AL36+AK36+AH36+AE36+AB36 -> #REF!
A37: TOTAL:- | B37: =SUM(B21:B36) -> 115.5 | C37: =SUM(C21:C36) -> 4.5 | D37: =SUM(D21:D36) -> 0 | E37: =SUM(E21:E36) -> 0 | F37: =SUM(F21:F36) -> 120 | G37: =SUM(G21:G36) -> 1092 | H37: =SUM(H21:H36) -> 118.5 | I37: =G37/H37 -> 9.2151899 | J37: =SUM(J21:J36) -> 301 | K37: =SUM(K21:K36) -> 15.5 | L37: =J37/K37 -> 19.419355 | M37: =SUM(M21:M36) -> 538 | N37: =SUM(N21:N36) -> 80 | O37: =M37/N37 -> 6.725 | P37: =SUM(P21:P36) -> 247 | Q37: =SUM(Q21:Q36) -> 40 | R37: =P37/Q37 -> 6.175 | S37: =SUM(S21:S36) -> 0 | T37: =SUM(T21:T36) -> 0 | U37: =S37/T37 -> #DIV/0! | V37: =SUM(V21:V36) -> 0 | W37: =SUM(W21:W36) -> 0 | X37: =V37/W37 -> #DIV/0! | Y37: =SUM(Y21:Y36) -> 9 | Z37: =SUM(Z21:Z36) -> 3 | AA37: =Y37/Z37 -> 3 | AB37: =AB21+AB22+AB23+AB24+AB25+AB26+AB27+AB28+AB29+AB30+AB31+AB32+AB33+AB34+AB35+AB36 -> 0 | AC37: =AC21+AC22+AC23+AC24+AC25+AC26+AC27+AC28+AC29+AC30+AC31+AC32+AC33+AC34+AC35+AC36 -> 0 | AD37: =AB37/AC37 -> #DIV/0! | AE37: =SUM(AE21:AE36) -> 0 | AF37: =SUM(AF21:AF36) -> 0 | AG37: =AE37/AF37 -> #DIV/0! | AH37: =SUM(AH21:AH36) -> 0 | AI37: =SUM(AI21:AI36) -> 0 | AJ37: =AH37/AI37 -> #DIV/0! | AK37: =SUM(AK21:AK36) -> 25 | AL37: =SUM(AL21:AL36) -> 0 | AM37: =SUM(AM21:AM36) -> 0 | AN37: =SUM(AN21:AN36) -> 0 | AO37: =AM37/AN37 -> #DIV/0! | AP37: =SUM(AP21:AP36) -> 0 | AQ37: =SUM(AQ21:AQ36) -> 0 | AR37: =AP37/AQ37 -> #DIV/0! | AS37: =SUM(AS21:AS36) -> 0 | AT37: =SUM(AT21:AT36) -> 0 | AU37: =SUM(AU21:AU36) -> 0 | AV37: =AT37/AU37 -> #DIV/0! | AW37: =SUM(AW21:AW36) -> 0 | AX37: =SUM(AX21:AX36) -> 0 | AY37: =AW37/AX37 -> #DIV/0! | AZ37: =SUM(AZ21:AZ36) -> 0 | BA37: =SUM(BA21:BA36) -> 0 | BB37: =AZ37/BA37 -> #DIV/0! | BC37: =SUM(BC21:BC36) -> 0 | BD37: =SUM(BD21:BD36) -> 0 | BE37: =BC37/BD37 -> #DIV/0! | BF37: =SUM(BF21:BF36) -> 0 | BG37: =SUM(BG21:BG36) -> 0 | BH37: =BF37/BG37 -> #DIV/0! | BI37: =SUM(BI21:BI36) -> 0 | BJ37: =SUM(BJ21:BJ36) -> 0 | BK37: =BI37/BJ37 -> #DIV/0! | BL37: =BL21+BL22+BL23+BL24+BL25+BL26+BL27+BL28+BL29+BL30+BL31+BL32+BL33+BL34+BL35+BL36 -> #REF! | BM37: =BM21+BM22+BM23+BM24+BM25+BM26+BM27+BM28+BM29+BM30+BM31+BM32+BM33+BM34+BM35+BM36 -> #REF!
A38: GRAND TOTAL:- | B38: =SUM(B37,B20) -> 308.5 | C38: =SUM(C37,C20) -> 57.5 | D38: =SUM(D37,D20) -> 107 | E38: =SUM(E37,E20) -> 0 | F38: =SUM(F37,F20) -> 473 | G38: =SUM(G37,G20) -> 2792 | H38: =SUM(H37,H20) -> 349.1 | I38: =G38/H38 -> 7.9977084 | J38: =SUM(J37,J20) -> 1404 | K38: =SUM(K37,K20) -> 78 | L38: =J38/K38 -> 18 | M38: =SUM(M37,M20) -> 1504 | N38: =SUM(N37,N20) -> 236 | O38: =M38/N38 -> 6.3728814 | P38: =SUM(P37,P20) -> 1496 | Q38: =SUM(Q37,Q20) -> 244 | R38: =P38/Q38 -> 6.1311475 | S38: =SUM(S37,S20) -> 0 | T38: =SUM(T37,T20) -> 0 | U38: =S38/T38 -> #DIV/0! | V38: =SUM(V37,V20) -> 0 | W38: =SUM(W37,W20) -> 0 | X38: =V38/W38 -> #DIV/0! | Y38: =SUM(Y37,Y20) -> 24 | Z38: =SUM(Z37,Z20) -> 8 | AA38: =Y38/Z38 -> 3 | AB38: =AB20+AB37 -> 0 | AC38: =AC20+AC37 -> 0 | AD38: =AB38/AC38 -> #DIV/0! | AE38: =SUM(AE37,AE20) -> 0 | AF38: =SUM(AF37,AF20) -> 0 | AG38: =AE38/AF38 -> #DIV/0! | AH38: =SUM(AH37,AH20) -> 0 | AI38: =SUM(AI37,AI20) -> 0 | AJ38: =AH38/AI38 -> #DIV/0! | AK38: =SUM(AK37,AK20) -> 35 | AL38: =SUM(AL37,AL20) -> 0 | AM38: =SUM(AM37,AM20) -> 0 | AN38: =SUM(AN37,AN20) -> 0 | AO38: =AM38/AN38 -> #DIV/0! | AP38: =SUM(AP37,AP20) -> 0 | AQ38: =SUM(AQ37,AQ20) -> 0 | AR38: =AP38/AQ38 -> #DIV/0! | AS38: =SUM(AS37,AS20) -> 0 | AT38: =SUM(AT37,AT20) -> 0 | AU38: =SUM(AU37,AU20) -> 0 | AV38: =SUM(AV37,AV20) -> #DIV/0! | AW38: =SUM(AW37,AW20) -> 0 | AX38: =SUM(AX37,AX20) -> 0 | AY38: =SUM(AY37,AY20) -> #DIV/0! | AZ38: =SUM(AZ37,AZ20) -> 0 | ... BK38: =SUM(BK37,BK20) -> #DIV/0! | BL38: =BL20+BL37 -> #REF! | BM38: =BM20+BM37 -> #REF!

Sheet Oil Tracking Sheet
A1: OIL TRACKING SHEET
A2: RIG NO: | C2: GTC-100-1 | E2: OPERATOR: | G2: ONGC.ANKLESHWAR ASSET | H2: FIELD: | K2: ONGC.ANKLESHWAR | M2: MONTH:- | P2: 46235
A3: NOTE:- PLEASE FILL OIL QTY IN LITER'S ONLY
A4: OIL TYPE | B4: DATE | C4: OPENING STOCK | D4: RECEIVED QTY | E4: QTY CONSUMPTION OF OIL | G4: CONSUMED FOR EQUIPMENT ASSET CODE | H4: TOTAL CONSUMED | I4: CLOSING BALANCE | J4: BURNT OIL OPENING BALANCE | K4: BURNT OIL EXTRACTED QTY | L4: BURNT OIL CONSUMED QTY | M4: BURNT OIL QTY SENT | N4: DETAILS OF BURNT OIL SENT | Q4: TOTAL BALANCE BURNT OIL AT SITE
E5: FOR SERVICE | F5: FOR TOP-UP | N5: DATE | O5: GATE PASS NO | P5: LOCATION
A6: ENGINE OIL (15W40) | B6: 46235 | C6: ='1'!B35 -> 107 | D6: ='1'!C35 -> 0 | H6: =SUM(E6,F6) -> 0 | I6: =SUM(C6,D6-H6) -> 107 | J6: 0 | Q6: =SUM(J6+K6-L6-M6) -> 0
B7: 46236 | C7: =I6 -> 107 | D7: ='2'!C35 -> 0 | H7: =SUM(E7,F7) -> 0 | I7: =SUM(C7,D7-H7) -> 107 | J7: =Q6 -> 0 | Q7: =SUM(J7+K7-L7-M7) -> 0
B8: 46237 | C8: =I7 -> 107 | D8: ='3'!C35 -> 0 | F8: 15 | G8: 5 ltr top up In rig engine & 10 ltr top up in mud pump engine. | H8: =SUM(E8,F8) -> 15 | I8: =SUM(C8,D8-H8) -> 92 | J8: =Q7 -> 0 | Q8: =SUM(J8+K8-L8-M8) -> 0
B9: 46238 | C9: =I8 -> 92 | D9: ='4'!C35 -> 0 | H9: =SUM(E9,F9) -> 0 | I9: =SUM(C9,D9-H9) -> 92 | J9: =Q8 -> 0 | Q9: =SUM(J9+K9-L9-M9) -> 0
B10: 46239 | C10: =I9 -> 92 | D10: ='5'!C36 -> 0 | H10: =SUM(E10,F10) -> 0 | I10: =SUM(C10,D10-H10) -> 92 | J10: =Q9 -> 0 | Q10: =SUM(J10+K10-L10-M10) -> 0
B11: 46240 | C11: =I10 -> 92 | D11: ='6'!C35 -> 0 | H11: =SUM(E11,F11) -> 0 | I11: =SUM(C11,D11-H11) -> 92 | J11: =Q10 -> 0 | Q11: =SUM(J11+K11-L11-M11) -> 0
B12: 46241 | C12: =I11 -> 92 | D12: ='7'!C36 -> 0 | H12: =SUM(E12,F12) -> 0 | I12: =SUM(C12,D12-H12) -> 92 | J12: =Q11 -> 0 | Q12: =SUM(J12+K12-L12-M12) -> 0
B13: 46242 | C13: =I12 -> 92 | D13: ='8'!C36 -> 0 | F13: 5 | G13: 3 ltr top up in rig engine & 02 ltr top up in DG-1 engine. | H13: =SUM(E13,F13) -> 5 | I13: =SUM(C13,D13-H13) -> 87 | J13: =Q12 -> 0 | Q13: =SUM(J13+K13-L13-M13) -> 0
B14: 46243 | C14: =I13 -> 87 | D14: ='9'!C36 -> 0 | H14: =SUM(E14,F14) -> 0 | I14: =SUM(C14,D14-H14) -> 87 | J14: =Q13 -> 0 | Q14: =SUM(J14+K14-L14-M14) -> 0
B15: 46244 | C15: =I14 -> 87 | D15: ='10'!C36 -> 0 | H15: =SUM(E15,F15) -> 0 | I15: =SUM(C15,D15-H15) -> 87 | J15: =Q14 -> 0 | Q15: =SUM(J15+K15-L15-M15) -> 0
B16: 46245 | C16: =I15 -> 87 | D16: ='11'!C36 -> 0 | H16: =SUM(E16,F16) -> 0 | I16: =SUM(C16,D16-H16) -> 87 | J16: =Q15 -> 0 | Q16: =SUM(J16+K16-L16-M16) -> 0
B17: 46246 | C17: =I16 -> 87 | D17: ='12'!C36 -> 0 | H17: =SUM(E17,F17) -> 0 | I17: =SUM(C17,D17-H17) -> 87 | J17: =Q16 -> 0 | Q17: =SUM(J17+K17-L17-M17) -> 0
B18: 46247 | C18: =I17 -> 87 | D18: ='13'!C36 -> 0 | H18: =SUM(E18,F18) -> 0 | I18: =SUM(C18,D18-H18) -> 87 | J18: =Q17 -> 0 | Q18: =SUM(J18+K18-L18-M18) -> 0
B19: 46248 | C19: =I18 -> 87 | D19: ='14'!C36 -> 0 | F19: 25 | G19: TOP UP IN RIG ALISSION. | H19: =SUM(E19,F19) -> 25 | I19: =SUM(C19,D19-H19) -> 62 | J19: =Q18 -> 0 | Q19: =SUM(J19+K19-L19-M19) -> 0
B20: 46249 | C20: =I19 -> 62 | D20: ='15'!C36 -> 0 | H20: =SUM(E20,F20) -> 0 | I20: =SUM(C20,D20-H20) -> 62 | J20: =Q19 -> 0 | Q20: =SUM(J20+K20-L20-M20) -> 0
B21: 46250 | C21: =I20 -> 62 | D21: ='16'!C36 -> 0 | H21: =SUM(E21,F21) -> 0 | I21: =SUM(C21,D21-H21) -> 62 | J21: =Q20 -> 0 | Q21: =SUM(J21+K21-L21-M21) -> 0
B22: 46251 | C22: =I21 -> 62 | D22: ='17'!C36 -> 0 | H22: =SUM(E22,F22) -> 0 | I22: =SUM(C22,D22-H22) -> 62 | J22: =Q21 -> 0 | Q22: =SUM(J22+K22-L22-M22) -> 0
B23: 46252 | C23: =I22 -> 62 | D23: ='18'!C36 -> 0 | H23: =SUM(E23,F23) -> 0 | I23: =SUM(C23,D23-H23) -> 62 | J23: =Q22 -> 0 | Q23: =SUM(J23+K23-L23-M23) -> 0
B24: 46253 | C24: =I23 -> 62 | D24: ='19'!C36 -> 0 | H24: =SUM(E24,F24) -> 0 | I24: =SUM(C24,D24-H24) -> 62 | J24: =Q23 -> 0 | Q24: =SUM(J24+K24-L24-M24) -> 0
B25: 46254 | C25: =I24 -> 62 | D25: ='20'!C36 -> 0 | F25: 5 | G25: 3 ltr top up in rig engine & 02 ltr top up in DG-1 engine. | H25: =SUM(E25,F25) -> 5 | I25: =SUM(C25,D25-H25) -> 57 | J25: =Q24 -> 0 | Q25: =SUM(J25+K25-L25-M25) -> 0
B26: 46255 | C26: =I25 -> 57 | D26: ='21'!C36 -> 0 | H26: =SUM(E26,F26) -> 0 | I26: =SUM(C26,D26-H26) -> 57 | J26: =Q25 -> 0 | Q26: =SUM(J26+K26-L26-M26) -> 0
B27: 46256 | C27: =I26 -> 57 | D27: ='22'!C36 -> 0 | H27: =SUM(E27,F27) -> 0 | I27: =SUM(C27,D27-H27) -> 57 | J27: =Q26 -> 0 | Q27: =SUM(J27+K27-L27-M27) -> 0
B28: 46257 | C28: =I27 -> 57 | D28: ='23'!C36 -> 0 | H28: =SUM(E28,F28) -> 0 | I28: =SUM(C28,D28-H28) -> 57 | J28: =Q27 -> 0 | Q28: =SUM(J28+K28-L28-M28) -> 0
B29: 46258 | C29: =I28 -> 57 | D29: ='24'!C36 -> 0 | H29: =SUM(E29,F29) -> 0 | I29: =SUM(C29,D29-H29) -> 57 | J29: =Q28 -> 0 | Q29: =SUM(J29+K29-L29-M29) -> 0
B30: 46259 | C30: =I29 -> 57 | D30: ='25'!C36 -> 0 | H30: =SUM(E30,F30) -> 0 | I30: =SUM(C30,D30-H30) -> 57 | J30: =Q29 -> 0 | Q30: =SUM(J30+K30-L30-M30) -> 0
B31: 46260 | C31: =I30 -> 57 | D31: ='26'!C36 -> 0 | H31: =SUM(E31,F31) -> 0 | I31: =SUM(C31,D31-H31) -> 57 | J31: =Q30 -> 0 | Q31: =SUM(J31+K31-L31-M31) -> 0
B32: 46261 | C32: =I31 -> 57 | D32: ='27'!C36 -> 0 | H32: =SUM(E32,F32) -> 0 | I32: =SUM(C32,D32-H32) -> 57 | J32: =Q31 -> 0 | Q32: =SUM(J32+K32-L32-M32) -> 0
B33: 46262 | C33: =I32 -> 57 | D33: ='28'!C36 -> 0 | H33: =SUM(E33,F33) -> 0 | I33: =SUM(C33,D33-H33) -> 57 | J33: =Q32 -> 0 | Q33: =SUM(J33+K33-L33-M33) -> 0
B34: 46263 | C34: =I33 -> 57 | D34: ='29'!C36 -> 0 | H34: =SUM(E34,F34) -> 0 | I34: =SUM(C34,D34-H34) -> 57 | J34: =Q33 -> 0 | Q34: =SUM(J34+K34-L34-M34) -> 0
B35: 46264 | C35: =I34 -> 57 | D35: ='30'!C36 -> 0 | H35: =SUM(E35,F35) -> 0 | I35: =SUM(C35,D35-H35) -> 57 | J35: =Q34 -> 0 | Q35: =SUM(J35+K35-L35-M35) -> 0
B36: 46265 | C36: =I35 -> 57 | D36: ='31'!C35 -> 0 | H36: =SUM(E36,F36) -> 0 | I36: =SUM(C36,D36-H36) -> 57 | J36: =Q35 -> 0 | Q36: =SUM(J36+K36-L36-M36) -> 0
B37: TOTAL ENGINE OIL CONSUMED | H37: =SUM(H6:H36) -> 50 | K37: =SUM(K6:K36) -> 0 | L37: =SUM(L6:L36) -> 0 | M37: =SUM(M6:M36) -> 0 | Q37: =(J37+K37)-M37-L37 -> 0
A38: HYD-68 OIL | B38: 46235 | C38: ='1'!B36 -> 420 | D38: ='1'!C36 -> 0 | H38: =SUM(E38,F38) -> 0 | I38: =C38+D38-H38 -> 420 | J38: 0 | Q38: =SUM(J38+K38-L38-M38) -> 0
B39: 46236 | C39: =I38 -> 420 | D39: ='2'!C36 -> 0 | H39: =SUM(E39,F39) -> 0 | I39: =C39+D39-H39 -> 420 | J39: =Q38 -> 0 | Q39: =SUM(J39+K39-L39-M39) -> 0
B40: 46237 | C40: =I39 -> 420 | D40: ='3'!C36 -> 0 | H40: =SUM(E40,F40) -> 0 | I40: =C40+D40-H40 -> 420 | J40: =Q39 -> 0 | Q40: =SUM(J40+K40-L40-M40) -> 0
B41: 46238 | C41: =I40 -> 420 | D41: ='4'!C36 -> 0 | H41: =SUM(E41,F41) -> 0 | I41: =C41+D41-H41 -> 420 | J41: =Q40 -> 0 | Q41: =SUM(J41+K41-L41-M41) -> 0
B42: 46239 | C42: =I41 -> 420 | D42: ='5'!C37 -> 0 | H42: =SUM(E42,F42) -> 0 | I42: =C42+D42-H42 -> 420 | J42: =Q41 -> 0 | Q42: =SUM(J42+K42-L42-M42) -> 0
B43: 46240 | C43: =I42 -> 420 | D43: ='6'!C36 -> 0 | H43: =SUM(E43,F43) -> 0 | I43: =C43+D43-H43 -> 420 | J43: =Q42 -> 0 | Q43: =SUM(J43+K43-L43-M43) -> 0
B44: 46241 | C44: =I43 -> 420 | D44: ='7'!C37 -> 0 | H44: =SUM(E44,F44) -> 0 | I44: =C44+D44-H44 -> 420 | J44: =Q43 -> 0 | Q44: =SUM(J44+K44-L44-M44) -> 0
B45: 46242 | C45: =I44 -> 420 | D45: ='8'!C37 -> 0 | H45: =SUM(E45,F45) -> 0 | I45: =C45+D45-H45 -> 420 | J45: =Q44 -> 0 | Q45: =SUM(J45+K45-L45-M45) -> 0
B46: 46243 | C46: =I45 -> 420 | D46: ='9'!C37 -> 0 | F46: 125 | G46: TOP UP IN RIG HYDRAULIC TANK. | H46: =SUM(E46,F46) -> 125 | I46: =C46+D46-H46 -> 295 | J46: =Q45 -> 0 | Q46: =SUM(J46+K46-L46-M46) -> 0
B47: 46244 | C47: =I46 -> 295 | D47: ='10'!C37 -> 0 | H47: =SUM(E47,F47) -> 0 | I47: =C47+D47-H47 -> 295 | J47: =Q46 -> 0 | Q47: =SUM(J47+K47-L47-M47) -> 0
B48: 46245 | C48: =I47 -> 295 | D48: ='11'!C37 -> 0 | H48: =SUM(E48,F48) -> 0 | I48: =C48+D48-H48 -> 295 | J48: =Q47 -> 0 | Q48: =SUM(J48+K48-L48-M48) -> 0
B49: 46246 | C49: =I48 -> 295 | D49: ='12'!C37 -> 0 | H49: =SUM(E49,F49) -> 0 | I49: =C49+D49-H49 -> 295 | J49: =Q48 -> 0 | Q49: =SUM(J49+K49-L49-M49) -> 0
B50: 46247 | C50: =I49 -> 295 | D50: ='13'!C37 -> 0 | F50: 40 | G50: TOP UP IN RIG HYDRAULIC TANK. | H50: =SUM(E50,F50) -> 40 | I50: =C50+D50-H50 -> 255 | J50: =Q49 -> 0 | Q50: =SUM(J50+K50-L50-M50) -> 0
B51: 46248 | C51: =I50 -> 255 | D51: ='14'!C37 -> 0 | H51: =SUM(E51,F51) -> 0 | I51: =C51+D51-H51 -> 255 | J51: =Q50 -> 0 | Q51: =SUM(J51+K51-L51-M51) -> 0
B52: 46249 | C52: =I51 -> 255 | D52: ='15'!C37 -> 0 | H52: =SUM(E52,F52) -> 0 | I52: =C52+D52-H52 -> 255 | J52: =Q51 -> 0 | Q52: =SUM(J52+K52-L52-M52) -> 0
B53: 46250 | C53: =I52 -> 255 | D53: ='16'!C37 -> 0 | F53: 30 | G53: TOP UP IN RIG HYD.TANK. | H53: =SUM(E53,F53) -> 30 | I53: =C53+D53-H53 -> 225 | J53: =Q52 -> 0 | Q53: =SUM(J53+K53-L53-M53) -> 0
B54: 46251 | C54: =I53 -> 225 | D54: ='17'!C37 -> 0 | H54: =SUM(E54,F54) -> 0 | I54: =C54+D54-H54 -> 225 | J54: =Q53 -> 0 | Q54: =SUM(J54+K54-L54-M54) -> 0
B55: 46252 | C55: =I54 -> 225 | D55: ='18'!C37 -> 0 | H55: =SUM(E55,F55) -> 0 | I55: =C55+D55-H55 -> 225 | J55: =Q54 -> 0 | Q55: =SUM(J55+K55-L55-M55) -> 0
B56: 46253 | C56: =I55 -> 225 | D56: ='19'!C37 -> 0 | H56: =SUM(E56,F56) -> 0 | I56: =C56+D56-H56 -> 225 | J56: =Q55 -> 0 | Q56: =SUM(J56+K56-L56-M56) -> 0
B57: 46254 | C57: =I56 -> 225 | D57: ='20'!C37 -> 0 | H57: =SUM(E57,F57) -> 0 | I57: =C57+D57-H57 -> 225 | J57: =Q56 -> 0 | Q57: =SUM(J57+K57-L57-M57) -> 0
B58: 46255 | C58: =I57 -> 225 | D58: ='21'!C37 -> 0 | H58: =SUM(E58,F58) -> 0 | I58: =C58+D58-H58 -> 225 | J58: =Q57 -> 0 | Q58: =SUM(J58+K58-L58-M58) -> 0
B59: 46256 | C59: =I58 -> 225 | D59: ='22'!C37 -> 0 | H59: =SUM(E59,F59) -> 0 | I59: =C59+D59-H59 -> 225 | J59: =Q58 -> 0 | Q59: =SUM(J59+K59-L59-M59) -> 0
B60: 46257 | C60: =I59 -> 225 | D60: ='23'!C37 -> 0 | H60: =SUM(E60,F60) -> 0 | I60: =C60+D60-H60 -> 225 | J60: =Q59 -> 0 | Q60: =SUM(J60+K60-L60-M60) -> 0
B61: 46258 | C61: =I60 -> 225 | D61: ='24'!C37 -> 0 | H61: =SUM(E61,F61) -> 0 | I61: =C61+D61-H61 -> 225 | J61: =Q60 -> 0 | Q61: =SUM(J61+K61-L61-M61) -> 0
B62: 46259 | C62: =I61 -> 225 | D62: ='25'!C37 -> 0 | H62: =SUM(E62,F62) -> 0 | I62: =C62+D62-H62 -> 225 | J62: =Q61 -> 0 | Q62: =SUM(J62+K62-L62-M62) -> 0
B63: 46260 | C63: =I62 -> 225 | D63: ='26'!C37 -> 0 | H63: =SUM(E63,F63) -> 0 | I63: =C63+D63-H63 -> 225 | J63: =Q62 -> 0 | Q63: =SUM(J63+K63-L63-M63) -> 0
B64: 46261 | C64: =I63 -> 225 | D64: ='27'!C37 -> 0 | H64: =SUM(E64,F64) -> 0 | I64: =C64+D64-H64 -> 225 | J64: =Q63 -> 0 | Q64: =SUM(J64+K64-L64-M64) -> 0
B65: 46262 | C65: =I64 -> 225 | D65: ='28'!C37 -> 0 | H65: =SUM(E65,F65) -> 0 | I65: =C65+D65-H65 -> 225 | J65: =Q64 -> 0 | Q65: =SUM(J65+K65-L65-M65) -> 0
B66: 46263 | C66: =I65 -> 225 | D66: ='29'!C37 -> 0 | H66: =SUM(E66,F66) -> 0 | I66: =C66+D66-H66 -> 225 | J66: =Q65 -> 0 | Q66: =SUM(J66+K66-L66-M66) -> 0
B67: 46264 | C67: =I66 -> 225 | D67: ='30'!C37 -> 0 | H67: =SUM(E67,F67) -> 0 | I67: =C67+D67-H67 -> 225 | J67: =Q66 -> 0 | Q67: =SUM(J67+K67-L67-M67) -> 0
B68: 46265 | C68: =I67 -> 225 | D68: ='31'!C36 -> 0 | H68: =SUM(E68,F68) -> 0 | I68: =C68+D68-H68 -> 225 | J68: =Q67 -> 0 | Q68: =SUM(J68+K68-L68-M68) -> 0
B69: TOTAL HYDRAULIC OIL CONSUMED | H69: =SUM(H38:H68) -> 195 | K69: =SUM(K38:K68) -> 0 | M69: =SUM(M38:M68) -> 0 | Q69: =(J69+K69)-M69-L69 -> 0
A70: 80W 90 GEAR OIL | B70: 46235 | C70: ='1'!B37 -> 320 | D70: ='1'!C37 -> 0 | H70: =SUM(E70,F70) -> 0 | I70: =C70+D70-H70 -> 320 | J70: 0 | Q70: =SUM(J70+K70-L70-M70) -> 0
B71: 46236 | C71: =I70 -> 320 | D71: ='2'!C37 -> 0 | H71: =SUM(E71,F71) -> 0 | I71: =C71+D71-H71 -> 320 | J71: =Q70 -> 0 | Q71: =SUM(J71+K71-L71-M71) -> 0
B72: 46237 | C72: =I71 -> 320 | D72: ='3'!C37 -> 0 | H72: =SUM(E72,F72) -> 0 | I72: =C72+D72-H72 -> 320 | J72: =Q71 -> 0 | Q72: =SUM(J72+K72-L72-M72) -> 0
B73: 46238 | C73: =I72 -> 320 | D73: ='4'!C37 -> 0 | H73: =SUM(E73,F73) -> 0 | I73: =C73+D73-H73 -> 320 | J73: =Q72 -> 0 | Q73: =SUM(J73+K73-L73-M73) -> 0
B74: 46239 | C74: =I73 -> 320 | D74: ='5'!C38 -> 0 | F74: 20 | G74: TOP UP IN DOWROKS CHAIN COVER. | H74: =SUM(E74,F74) -> 20 | I74: =C74+D74-H74 -> 300 | J74: =Q73 -> 0 | Q74: =SUM(J74+K74-L74-M74) -> 0
B75: 46240 | C75: =I74 -> 300 | D75: ='6'!C37 -> 0 | F75: 30 | G75: 15 LTR TOP UP IN RIGHT ANGLE PTO AND 15 LTR TOP UP IN DROWBOX RIGHT ANGLE. | H75: =SUM(E75,F75) -> 30 | I75: =C75+D75-H75 -> 270 | J75: =Q74 -> 0 | Q75: =SUM(J75+K75-L75-M75) -> 0
B76: 46241 | C76: =I75 -> 270 | D76: ='7'!C38 -> 0 | H76: =SUM(E76,F76) -> 0 | I76: =C76+D76-H76 -> 270 | J76: =Q75 -> 0 | Q76: =SUM(J76+K76-L76-M76) -> 0
B77: 46242 | C77: =I76 -> 270 | D77: ='8'!C38 -> 0 | F77: 15 | G77: 10 ltr top up in rotary table & 05 ltr top up in kelly swivel. | H77: =SUM(E77,F77) -> 15 | I77: =C77+D77-H77 -> 255 | J77: =Q76 -> 0 | Q77: =SUM(J77+K77-L77-M77) -> 0
B78: 46243 | C78: =I77 -> 255 | D78: ='9'!C38 -> 0 | H78: =SUM(E78,F78) -> 0 | I78: =C78+D78-H78 -> 255 | J78: =Q77 -> 0 | Q78: =SUM(J78+K78-L78-M78) -> 0
B79: 46244 | C79: =I78 -> 255 | D79: ='10'!C38 -> 0 | H79: =SUM(E79,F79) -> 0 | I79: =C79+D79-H79 -> 255 | J79: =Q78 -> 0 | Q79: =SUM(J79+K79-L79-M79) -> 0
B80: 46245 | C80: =I79 -> 255 | D80: ='11'!C38 -> 0 | H80: =SUM(E80,F80) -> 0 | I80: =C80+D80-H80 -> 255 | J80: =Q79 -> 0 | Q80: =SUM(J80+K80-L80-M80) -> 0
B81: 46246 | C81: =I80 -> 255 | D81: ='12'!C38 -> 0 | H81: =SUM(E81,F81) -> 0 | I81: =C81+D81-H81 -> 255 | J81: =Q80 -> 0 | Q81: =SUM(J81+K81-L81-M81) -> 0
B82: 46247 | C82: =I81 -> 255 | D82: ='13'!C38 -> 0 | F82: 5 | G82: TOP UP IN GEAR PUMP. | H82: =SUM(E82,F82) -> 5 | I82: =C82+D82-H82 -> 250 | J82: =Q81 -> 0 | Q82: =SUM(J82+K82-L82-M82) -> 0
B83: 46248 | C83: =I82 -> 250 | D83: ='14'!C38 -> 0 | F83: 5 | G83: TOP UP IN RIG PTO. | H83: =SUM(E83,F83) -> 5 | I83: =C83+D83-H83 -> 245 | J83: =Q82 -> 0 | Q83: =SUM(J83+K83-L83-M83) -> 0
B84: 46249 | C84: =I83 -> 245 | D84: ='15'!C38 -> 0 | H84: =SUM(E84,F84) -> 0 | I84: =C84+D84-H84 -> 245 | J84: =Q83 -> 0 | Q84: =SUM(J84+K84-L84-M84) -> 0
B85: 46250 | C85: =I84 -> 245 | D85: ='16'!C38 -> 0 | H85: =SUM(E85,F85) -> 0 | I85: =C85+D85-H85 -> 245 | J85: =Q84 -> 0 | Q85: =SUM(J85+K85-L85-M85) -> 0
B86: 46251 | C86: =I85 -> 245 | D86: ='17'!C38 -> 0 | H86: =SUM(E86,F86) -> 0 | I86: =C86+D86-H86 -> 245 | J86: =Q85 -> 0 | Q86: =SUM(J86+K86-L86-M86) -> 0
B87: 46252 | C87: =I86 -> 245 | D87: ='18'!C38 -> 0 | H87: =SUM(E87,F87) -> 0 | I87: =C87+D87-H87 -> 245 | J87: =Q86 -> 0 | Q87: =SUM(J87+K87-L87-M87) -> 0
B88: 46253 | C88: =I87 -> 245 | D88: ='19'!C38 -> 0 | H88: =SUM(E88,F88) -> 0 | I88: =C88+D88-H88 -> 245 | J88: =Q87 -> 0 | Q88: =SUM(J88+K88-L88-M88) -> 0
B89: 46254 | C89: =I88 -> 245 | D89: ='20'!C38 -> 0 | H89: =SUM(E89,F89) -> 0 | I89: =C89+D89-H89 -> 245 | J89: =Q88 -> 0 | Q89: =SUM(J89+K89-L89-M89) -> 0
B90: 46255 | C90: =I89 -> 245 | D90: ='21'!C38 -> 0 | H90: =SUM(E90,F90) -> 0 | I90: =C90+D90-H90 -> 245 | J90: =Q89 -> 0 | Q90: =SUM(J90+K90-L90-M90) -> 0
B91: 46256 | C91: =I90 -> 245 | D91: ='22'!C38 -> 0 | H91: =SUM(E91,F91) -> 0 | I91: =C91+D91-H91 -> 245 | J91: =Q90 -> 0 | Q91: =SUM(J91+K91-L91-M91) -> 0
B92: 46257 | C92: =I91 -> 245 | D92: ='23'!C38 -> 0 | H92: =SUM(E92,F92) -> 0 | I92: =C92+D92-H92 -> 245 | J92: =Q91 -> 0 | Q92: =SUM(J92+K92-L92-M92) -> 0
B93: 46258 | C93: =I92 -> 245 | D93: ='24'!C38 -> 0 | H93: =SUM(E93,F93) -> 0 | I93: =C93+D93-H93 -> 245 | J93: =Q92 -> 0 | Q93: =SUM(J93+K93-L93-M93) -> 0
B94: 46259 | C94: =I93 -> 245 | D94: ='25'!C38 -> 0 | H94: =SUM(E94,F94) -> 0 | I94: =C94+D94-H94 -> 245 | J94: =Q93 -> 0 | Q94: =SUM(J94+K94-L94-M94) -> 0
B95: 46260 | C95: =I94 -> 245 | D95: ='26'!C38 -> 0 | H95: =SUM(E95,F95) -> 0 | I95: =C95+D95-H95 -> 245 | J95: =Q94 -> 0 | Q95: =SUM(J95+K95-L95-M95) -> 0
B96: 46261 | C96: =I95 -> 245 | D96: ='27'!C38 -> 0 | H96: =SUM(E96,F96) -> 0 | I96: =C96+D96-H96 -> 245 | J96: =Q95 -> 0 | Q96: =SUM(J96+K96-L96-M96) -> 0
B97: 46262 | C97: =I96 -> 245 | D97: ='28'!C38 -> 0 | H97: =SUM(E97,F97) -> 0 | I97: =C97+D97-H97 -> 245 | J97: =Q96 -> 0 | Q97: =SUM(J97+K97-L97-M97) -> 0
B98: 46263 | C98: =I97 -> 245 | D98: ='29'!C38 -> 0 | H98: =SUM(E98,F98) -> 0 | I98: =C98+D98-H98 -> 245 | J98: =Q97 -> 0 | Q98: =SUM(J98+K98-L98-M98) -> 0
B99: 46264 | C99: =I98 -> 245 | D99: ='30'!C38 -> 0 | H99: =SUM(E99,F99) -> 0 | I99: =C99+D99-H99 -> 245 | J99: =Q98 -> 0 | Q99: =SUM(J99+K99-L99-M99) -> 0
B100: 46265 | C100: =I99 -> 245 | D100: ='31'!C37 -> 0 | H100: =SUM(E100,F100) -> 0 | I100: =C100+D100-H100 -> 245 | J100: =Q99 -> 0 | Q100: =SUM(J100+K100-L100-M100) -> 0
...

Sheet HSD TOP UP Sheet
A1: HSD TOP UP SHEET REPORT
K2: MONTH :- | M2: 46235 | O2: RIG NAME :- | Q2: GTC-100-01
A3: Date: | B3: Opening Stock | C3: Received Stock If Any | D3: Total Stock | E3: Closing Stock/ Balance | F3: Rig Carrier CAT (C9) | G3: Mud Pump (Cummins) | H3: DG SET -1 (125 KVA) E622CDJC204733G | I3: DG SET -2 ( 125 KVA ) E622CDJF215149G | J3: DG SET- 3 (25 KVA) (Ashok Leyland) | K3: Electrical Air Compressor (Kirloskar) | L3: Fire Pump (Kirloskar) | M3: Water Tanker (GJ-08 v - 2430) | N3: Water Tanker (GJ-18-AZ-1825) | O3: WATER TANKER ( GJ-01-BY-5368) | P3: OTHERS (CLEANING & SERVICING) | Q3: TRANSFERRED | AA3: Total Top Up | AB3: Remark
A4: 46235 | B4: ='1'!B30 -> 100 | C4: ='1'!C30 -> 800 | D4: =B4+C4 -> 900 | E4: =D4-AA4 -> 440 | F4: ='1'!C6 -> 170 | G4: ='1'!C7 -> 80 | H4: ='1'!C8 -> 0 | I4: ='1'!C9 -> 200 | J4: ='1'!C10 -> 0 | K4: ='1'!C11 -> 0 | L4: ='1'!C12 -> 0 | M4: ='1'!C13 -> 0 | N4: ='1'!C14 -> 0 | O4: ='1'!C15 -> 0 | P4: ='1'!C16 -> 10 | Q4: ='1'!C17 -> 0 | R4: ='1'!C18 -> 0 | S4: ='1'!C19 -> 0 | T4: ='1'!C20 -> 0 | U4: ='1'!C21 -> 0 | V4: ='1'!C22 -> 0 | W4: ='1'!C23 -> 0 | X4: ='1'!C24 -> 0 | Y4: ='1'!C25 -> 0 | Z4: ='1'!C26 -> 0 | AA4: =Z4+Y4+X4+W4+V4+U4+T4+S4+R4+Q4+P4+O4+N4+M4+L4+K4+J4+I4+H4+G4+F4 -> 460
A5: 46236 | B5: =E4 -> 440 | C5: ='2'!C30 -> 0 | D5: =B5+C5 -> 440 | E5: =D5-AA5 -> 110 | F5: ='2'!C6 -> 0 | G5: ='2'!C7 -> 200 | H5: ='2'!C8 -> 0 | I5: ='2'!C9 -> 130 | J5: ='2'!C10 -> 0 | K5: ='2'!C11 -> 0 | L5: ='2'!C12 -> 0 | M5: ='2'!C13 -> 0 | N5: ='2'!C14 -> 0 | O5: ='2'!C15 -> 0 | P5: ='2'!C16 -> 0 | Q5: ='2'!C17 -> 0 | R5: ='2'!C18 -> 0 | S5: ='2'!C19 -> 0 | T5: ='2'!C20 -> 0 | U5: ='2'!C21 -> 0 | V5: ='2'!C22 -> 0 | W5: ='2'!C23 -> 0 | X5: ='2'!C24 -> 0 | Y5: ='2'!C25 -> 0 | Z5: ='2'!C26 -> 0 | AA5: =Z5+Y5+X5+W5+V5+U5+T5+S5+R5+Q5+P5+O5+N5+M5+L5+K5+J5+I5+H5+G5+F5 -> 330
A6: 46237 | B6: =E5 -> 110 | C6: ='3'!C30 -> 800 | D6: =B6+C6 -> 910 | E6: =D6-AA6 -> 765 | F6: ='3'!C6 -> 0 | G6: ='3'!C7 -> 0 | H6: ='3'!C8 -> 0 | I6: ='3'!C9 -> 145 | J6: ='3'!C10 -> 0 | K6: ='3'!C11 -> 0 | L6: ='3'!C12 -> 0 | M6: ='3'!C13 -> 0 | N6: ='3'!C14 -> 0 | O6: ='3'!C15 -> 0 | P6: ='3'!C16 -> 0 | Q6: ='3'!C17 -> 0 | R6: ='3'!C18 -> 0 | S6: ='3'!C19 -> 0 | T6: ='3'!C20 -> 0 | U6: ='3'!C21 -> 0 | V6: ='3'!C22 -> 0 | W6: ='3'!C23 -> 0 | X6: ='3'!C24 -> 0 | Y6: ='3'!C25 -> 0 | Z6: ='3'!C26 -> 0 | AA6: =Z6+Y6+X6+W6+V6+U6+T6+S6+R6+Q6+P6+O6+N6+M6+L6+K6+J6+I6+H6+G6+F6 -> 145
A7: 46238 | B7: =E6 -> 765 | C7: ='4'!C30 -> 0 | D7: =B7+C7 -> 765 | E7: =D7-AA7 -> 415 | F7: ='4'!C6 -> 150 | G7: ='4'!C7 -> 0 | H7: ='4'!C8 -> 150 | I7: ='4'!C9 -> 50 | J7: ='4'!C10 -> 0 | K7: ='4'!C11 -> 0 | L7: ='4'!C12 -> 0 | M7: ='4'!C13 -> 0 | N7: ='4'!C14 -> 0 | O7: ='4'!C15 -> 0 | P7: ='4'!C16 -> 0 | Q7: ='4'!C17 -> 0 | R7: ='4'!C18 -> 0 | S7: ='4'!C19 -> 0 | T7: ='4'!C20 -> 0 | U7: ='4'!C21 -> 0 | V7: ='4'!C22 -> 0 | W7: ='4'!C23 -> 0 | X7: ='4'!C24 -> 0 | Y7: ='4'!C25 -> 0 | Z7: ='4'!C26 -> 0 | AA7: =Z7+Y7+X7+W7+V7+U7+T7+S7+R7+Q7+P7+O7+N7+M7+L7+K7+J7+I7+H7+G7+F7 -> 350
A8: 46239 | B8: =E7 -> 415 | C8: ='5'!C31 -> 800 | D8: =B8+C8 -> 1215 | E8: =D8-AA8 -> 635 | F8: ='5'!C6 -> 200 | G8: ='5'!C7 -> 200 | H8: ='5'!C8 -> 150 | I8: ='5'!C9 -> 30 | J8: ='5'!C10 -> 0 | K8: ='5'!C12 -> 0 | L8: ='5'!C13 -> 0 | M8: ='5'!C14 -> 0 | N8: ='5'!C15 -> 0 | O8: ='5'!C16 -> 0 | P8: ='5'!C17 -> 0 | Q8: ='5'!C18 -> 0 | R8: ='5'!C19 -> 0 | S8: ='5'!C20 -> 0 | T8: ='5'!C21 -> 0 | U8: ='5'!C22 -> 0 | V8: ='5'!C23 -> 0 | W8: ='5'!C24 -> 0 | X8: ='5'!C25 -> 0 | Y8: ='5'!C26 -> 0 | Z8: ='5'!C27 -> 0 | AA8: =Z8+Y8+X8+W8+V8+U8+T8+S8+R8+Q8+P8+O8+N8+M8+L8+K8+J8+I8+H8+G8+F8 -> 580
A9: 46240 | B9: =E8 -> 635 | C9: ='6'!C30 -> 0 | D9: =B9+C9 -> 635 | E9: =D9-AA9 -> 505 | F9: ='6'!C6 -> 0 | G9: ='6'!C7 -> 0 | H9: ='6'!C8 -> 0 | I9: ='6'!C9 -> 130 | J9: ='6'!C10 -> 0 | K9: ='6'!C11 -> 0 | L9: ='6'!C12 -> 0 | M9: ='6'!C13 -> 0 | N9: ='6'!C14 -> 0 | O9: ='6'!C15 -> 0 | P9: ='6'!C16 -> 0 | Q9: ='6'!C17 -> 0 | R9: ='6'!C18 -> 0 | S9: ='6'!C19 -> 0 | T9: ='6'!C20 -> 0 | U9: ='6'!C21 -> 0 | V9: ='6'!C22 -> 0 | W9: ='6'!C23 -> 0 | X9: ='6'!C24 -> 0 | Y9: ='6'!C25 -> 0 | Z9: ='6'!C26 -> 0 | AA9: =Z9+Y9+X9+W9+V9+U9+T9+S9+R9+Q9+P9+O9+N9+M9+L9+K9+J9+I9+H9+G9+F9 -> 130
A10: 46241 | B10: =E9 -> 505 | C10: ='7'!C31 -> 600 | D10: =B10+C10 -> 1105 | E10: =D10-AA10 -> 885 | F10: ='7'!C6 -> 50 | G10: ='7'!C7 -> 0 | H10: ='7'!C8 -> 130 | I10: ='7'!C9 -> 40 | J10: ='7'!C10 -> 0 | K10: ='7'!C12 -> 0 | L10: ='7'!C13 -> 0 | M10: ='7'!C14 -> 0 | N10: ='7'!C15 -> 0 | O10: ='7'!C16 -> 0 | P10: ='7'!C17 -> 0 | Q10: ='7'!C18 -> 0 | R10: ='7'!C19 -> 0 | S10: ='7'!C20 -> 0 | T10: ='7'!C21 -> 0 | U10: ='7'!C22 -> 0 | V10: ='7'!C23 -> 0 | W10: ='7'!C24 -> 0 | X10: ='7'!C25 -> 0 | Y10: ='7'!C26 -> 0 | Z10: ='7'!C27 -> 0 | AA10: =Z10+Y10+X10+W10+V10+U10+T10+S10+R10+Q10+P10+O10+N10+M10+L10+K10+J10+I10+H10+G10+F10 -> 220
A11: 46242 | B11: =E10 -> 885 | C11: ='8'!C31 -> 0 | D11: =B11+C11 -> 885 | E11: =D11-AA11 -> 315 | F11: ='8'!C6 -> 200 | G11: ='8'!C7 -> 200 | H11: ='8'!C8 -> 30 | I11: ='8'!C9 -> 140 | J11: ='8'!C10 -> 0 | K11: ='8'!C12 -> 0 | L11: ='8'!C13 -> 0 | M11: ='8'!C14 -> 0 | N11: ='8'!C15 -> 0 | O11: ='8'!C16 -> 0 | P11: ='8'!C17 -> 0 | Q11: ='8'!C18 -> 0 | R11: ='8'!C19 -> 0 | S11: ='8'!C20 -> 0 | T11: ='8'!C21 -> 0 | U11: ='8'!C22 -> 0 | V11: ='8'!C23 -> 0 | W11: ='8'!C24 -> 0 | X11: ='8'!C25 -> 0 | Y11: ='8'!C26 -> 0 | Z11: ='8'!C27 -> 0 | AA11: =Z11+Y11+X11+W11+V11+U11+T11+S11+R11+Q11+P11+O11+N11+M11+L11+K11+J11+I11+H11+G11+F11 -> 570
A12: 46243 | B12: =E11 -> 315 | C12: ='9'!C31 -> 800 | D12: =B12+C12 -> 1115 | E12: =D12-AA12 -> 610 | F12: ='9'!C6 -> 150 | G12: ='9'!C7 -> 200 | H12: ='9'!C8 -> 155 | I12: ='9'!C9 -> 0 | J12: ='9'!C10 -> 0 | K12: ='9'!C12 -> 0 | L12: ='9'!C13 -> 0 | M12: ='9'!C14 -> 0 | N12: ='9'!C15 -> 0 | O12: ='9'!C16 -> 0 | P12: ='9'!C17 -> 0 | Q12: ='9'!C18 -> 0 | R12: ='9'!C19 -> 0 | S12: ='9'!C20 -> 0 | T12: ='9'!C21 -> 0 | U12: ='9'!C22 -> 0 | V12: ='9'!C23 -> 0 | W12: ='9'!C24 -> 0 | X12: ='9'!C25 -> 0 | Y12: ='9'!C26 -> 0 | Z12: ='9'!C27 -> 0 | AA12: =Z12+Y12+X12+W12+V12+U12+T12+S12+R12+Q12+P12+O12+N12+M12+L12+K12+J12+I12+H12+G12+F12 -> 505
A13: 46244 | B13: =E12 -> 610 | C13: ='10'!C31 -> 0 | D13: =B13+C13 -> 610 | E13: =D13-AA13 -> 260 | F13: ='10'!C6 -> 200 | G13: ='10'!C7 -> 0 | H13: ='10'!C8 -> 0 | I13: ='10'!C9 -> 150 | J13: ='10'!C10 -> 0 | K13: ='10'!C12 -> 0 | L13: ='10'!C13 -> 0 | M13: ='10'!C14 -> 0 | N13: ='10'!C15 -> 0 | O13: ='10'!C16 -> 0 | P13: ='10'!C17 -> 0 | Q13: ='10'!C18 -> 0 | R13: ='10'!C19 -> 0 | S13: ='10'!C20 -> 0 | T13: ='10'!C21 -> 0 | U13: ='10'!C22 -> 0 | V13: ='10'!C23 -> 0 | W13: ='10'!C24 -> 0 | X13: ='10'!C25 -> 0 | Y13: ='10'!C26 -> 0 | Z13: ='10'!C27 -> 0 | AA13: =Z13+Y13+X13+W13+V13+U13+T13+S13+R13+Q13+P13+O13+N13+M13+L13+K13+J13+I13+H13+G13+F13 -> 350
A14: 46245 | B14: =E13 -> 260 | C14: ='11'!C31 -> 0 | D14: =B14+C14 -> 260 | E14: =D14-AA14 -> 0 | F14: ='11'!C6 -> 0 | G14: ='11'!C7 -> 100 | H14: ='11'!C8 -> 160 | I14: ='11'!C9 -> 0 | J14: ='11'!C10 -> 0 | K14: ='11'!C12 -> 0 | L14: ='11'!C13 -> 0 | M14: ='11'!C14 -> 0 | N14: ='11'!C15 -> 0 | O14: ='11'!C16 -> 0 | P14: ='11'!C17 -> 0 | Q14: ='11'!C18 -> 0 | R14: ='11'!C19 -> 0 | S14: ='11'!C20 -> 0 | T14: ='11'!C21 -> 0 | U14: ='11'!C22 -> 0 | V14: ='11'!C23 -> 0 | W14: ='11'!C24 -> 0 | X14: ='11'!C25 -> 0 | Y14: ='11'!C26 -> 0 | Z14: ='11'!C27 -> 0 | AA14: =Z14+Y14+X14+W14+V14+U14+T14+S14+R14+Q14+P14+O14+N14+M14+L14+K14+J14+I14+H14+G14+F14 -> 260
A15: 46246 | B15: =E14 -> 0 | C15: ='12'!C31 -> 800 | D15: =B15+C15 -> 800 | E15: =D15-AA15 -> 340 | F15: ='12'!C6 -> 200 | G15: ='12'!C7 -> 150 | H15: ='12'!C8 -> 0 | I15: ='12'!C9 -> 110 | J15: ='12'!C10 -> 0 | K15: ='12'!C12 -> 0 | L15: ='12'!C13 -> 0 | M15: ='12'!C14 -> 0 | N15: ='12'!C15 -> 0 | O15: ='12'!C16 -> 0 | P15: ='12'!C17 -> 0 | Q15: ='12'!C18 -> 0 | R15: ='12'!C19 -> 0 | S15: ='12'!C20 -> 0 | T15: ='12'!C21 -> 0 | U15: ='12'!C22 -> 0 | V15: ='12'!C23 -> 0 | W15: ='12'!C24 -> 0 | X15: ='12'!C25 -> 0 | Y15: ='12'!C26 -> 0 | Z15: ='12'!C27 -> 0 | AA15: =Z15+Y15+X15+W15+V15+U15+T15+S15+R15+Q15+P15+O15+N15+M15+L15+K15+J15+I15+H15+G15+F15 -> 460
A16: 46247 | B16: =E15 -> 340 | C16: ='13'!C31 -> 2500 | D16: =B16+C16 -> 2840 | E16: =D16-AA16 -> 2290 | F16: ='13'!C6 -> 280 | G16: ='13'!C7 -> 100 | H16: ='13'!C8 -> 170 | I16: ='13'!C9 -> 0 | J16: ='13'!C10 -> 0 | K16: ='13'!C12 -> 0 | L16: ='13'!C13 -> 0 | M16: ='13'!C14 -> 0 | N16: ='13'!C15 -> 0 | O16: ='13'!C16 -> 0 | P16: ='13'!C17 -> 0 | Q16: ='13'!C18 -> 0 | R16: ='13'!C19 -> 0 | S16: ='13'!C20 -> 0 | T16: ='13'!C21 -> 0 | U16: ='13'!C22 -> 0 | V16: ='13'!C23 -> 0 | W16: ='13'!C24 -> 0 | X16: ='13'!C25 -> 0 | Y16: ='13'!C26 -> 0 | Z16: ='13'!C27 -> 0 | AA16: =Z16+Y16+X16+W16+V16+U16+T16+S16+R16+Q16+P16+O16+N16+M16+L16+K16+J16+I16+H16+G16+F16 -> 550
A17: 46248 | B17: =E16 -> 2290 | C17: ='14'!C31 -> 0 | D17: =B17+C17 -> 2290 | E17: =D17-AA17 -> 2140 | F17: ='14'!C6 -> 0 | G17: ='14'!C7 -> 0 | H17: ='14'!C8 -> 0 | I17: ='14'!C9 -> 150 | J17: ='14'!C10 -> 0 | K17: ='14'!C12 -> 0 | L17: ='14'!C13 -> 0 | M17: ='14'!C14 -> 0 | N17: ='14'!C15 -> 0 | O17: ='14'!C16 -> 0 | P17: ='14'!C17 -> 0 | Q17: ='14'!C18 -> 0 | R17: ='14'!C19 -> 0 | S17: ='14'!C20 -> 0 | T17: ='14'!C21 -> 0 | U17: ='14'!C22 -> 0 | V17: ='14'!C23 -> 0 | W17: ='14'!C24 -> 0 | X17: ='14'!C25 -> 0 | Y17: ='14'!C26 -> 0 | Z17: ='14'!C27 -> 0 | AA17: =Z17+Y17+X17+W17+V17+U17+T17+S17+R17+Q17+P17+O17+N17+M17+L17+K17+J17+I17+H17+G17+F17 -> 150
A18: 46249 | B18: =E17 -> 2140 | C18: ='15'!C31 -> 0 | D18: =B18+C18 -> 2140 | E18: =D18-AA18 -> 1740 | F18: ='15'!C6 -> 200 | G18: ='15'!C7 -> 50 | H18: ='15'!C8 -> 120 | I18: ='15'!C9 -> 0 | J18: ='15'!C10 -> 0 | K18: ='15'!C12 -> 0 | L18: ='15'!C13 -> 30 | M18: ='15'!C14 -> 0 | N18: ='15'!C15 -> 0 | O18: ='15'!C16 -> 0 | P18: ='15'!C17 -> 0 | Q18: ='15'!C18 -> 0 | R18: ='15'!C19 -> 0 | S18: ='15'!C20 -> 0 | T18: ='15'!C21 -> 0 | U18: ='15'!C22 -> 0 | V18: ='15'!C23 -> 0 | W18: ='15'!C24 -> 0 | X18: ='15'!C25 -> 0 | Y18: ='15'!C26 -> 0 | Z18: ='15'!C27 -> 0 | AA18: =Z18+Y18+X18+W18+V18+U18+T18+S18+R18+Q18+P18+O18+N18+M18+L18+K18+J18+I18+H18+G18+F18 -> 400
A19: TOTAL | C19: =SUM(C4:C18) -> 7100 | F19: =SUM(F4:F18) -> 1800 | G19: =SUM(G4:G18) -> 1280 | H19: =SUM(H4:H18) -> 1065 | I19: =SUM(I4:I18) -> 1275 | J19: =SUM(J4:J18) -> 0 | K19: =SUM(K4:K18) -> 0 | L19: =SUM(L4:L18) -> 30 | M19: =SUM(M4:M18) -> 0 | ... Z19: =SUM(Z4:Z18) -> 0 | AA19: =Z19+Y19+X19+W19+V19+U19+T19+S19+R19+Q19+P19+O19+N19+M19+L19+K19+J19+I19+H19+G19+F19 -> 5460
A20: 46250 | B20: =E18 -> 1740 | C20: ='16'!C31 -> 0 | D20: =B20+C20 -> 1740 | E20: =D20-AA20 -> 1345 | F20: ='16'!C6 -> 200 | G20: ='16'!C7 -> 0 | H20: ='16'!C8 -> 170 | I20: ='16'!C9 -> 0 | J20: ='16'!C10 -> 0 | K20: ='16'!C12 -> 0 | L20: ='16'!C13 -> 0 | M20: ='16'!C14 -> 0 | N20: ='16'!C15 -> 0 | O20: ='16'!C16 -> 0 | P20: ='16'!C17 -> 25 | Q20: ='16'!C18 -> 0 | R20: ='16'!C19 -> 0 | S20: ='16'!C20 -> 0 | T20: ='16'!C21 -> 0 | U20: ='16'!C22 -> 0 | V20: ='16'!C23 -> 0 | W20: ='16'!C24 -> 0 | X20: ='16'!C25 -> 0 | Y20: ='16'!C26 -> 0 | Z20: ='16'!C27 -> 0 | AA20: =Z20+Y20+X20+W20+V20+U20+T20+S20+R20+Q20+P20+O20+N20+M20+L20+K20+J20+I20+H20+G20+F20 -> 395
A21: 46251 | B21: =E20 -> 1345 | C21: ='17'!C31 -> 0 | D21: =B21+C21 -> 1345 | E21: =D21-AA21 -> 855 | F21: ='17'!C6 -> 200 | G21: ='17'!C7 -> 40 | H21: ='17'!C8 -> 170 | I21: ='17'!C9 -> 80 | J21: ='17'!C10 -> 0 | K21: ='17'!C12 -> 0 | L21: ='17'!C13 -> 0 | M21: ='17'!C14 -> 0 | N21: ='17'!C15 -> 0 | O21: ='17'!C16 -> 0 | P21: ='17'!C17 -> 0 | Q21: ='17'!C18 -> 0 | R21: ='17'!C19 -> 0 | S21: ='17'!C20 -> 0 | T21: ='17'!C21 -> 0 | U21: ='17'!C22 -> 0 | V21: ='17'!C23 -> 0 | W21: ='17'!C24 -> 0 | X21: ='17'!C25 -> 0 | Y21: ='17'!C26 -> 0 | Z21: ='17'!C27 -> 0 | AA21: =Z21+Y21+X21+W21+V21+U21+T21+S21+R21+Q21+P21+O21+N21+M21+L21+K21+J21+I21+H21+G21+F21 -> 490
A22: 46252 | B22: =E21 -> 855 | C22: ='18'!C31 -> 0 | D22: =B22+C22 -> 855 | E22: =D22-AA22 -> 615 | F22: ='18'!C6 -> 200 | G22: ='18'!C7 -> 0 | H22: ='18'!C8 -> 0 | I22: ='18'!C9 -> 40 | J22: ='18'!C10 -> 0 | K22: ='18'!C12 -> 0 | L22: ='18'!C13 -> 0 | M22: ='18'!C14 -> 0 | N22: ='18'!C15 -> 0 | O22: ='18'!C16 -> 0 | P22: ='18'!C17 -> 0 | Q22: ='18'!C18 -> 0 | R22: ='18'!C19 -> 0 | S22: ='18'!C20 -> 0 | T22: ='18'!C21 -> 0 | U22: ='18'!C22 -> 0 | V22: ='18'!C23 -> 0 | W22: ='18'!C24 -> 0 | X22: ='18'!C25 -> 0 | Y22: ='18'!C26 -> 0 | Z22: ='18'!C27 -> 0 | AA22: =Z22+Y22+X22+W22+V22+U22+T22+S22+R22+Q22+P22+O22+N22+M22+L22+K22+J22+I22+H22+G22+F22 -> 240
A23: 46253 | B23: =E22 -> 615 | C23: ='19'!C31 -> 0 | D23: =B23+C23 -> 615 | E23: =D23-AA23 -> 90 | F23: ='19'!C6 -> 215 | G23: ='19'!C7 -> 110 | H23: ='19'!C8 -> 120 | I23: ='19'!C9 -> 80 | J23: ='19'!C10 -> 0 | K23: ='19'!C12 -> 0 | L23: ='19'!C13 -> 0 | M23: ='19'!C14 -> 0 | N23: ='19'!C15 -> 0 | O23: ='19'!C16 -> 0 | P23: ='19'!C17 -> 0 | Q23: ='19'!C18 -> 0 | R23: ='19'!C19 -> 0 | S23: ='19'!C20 -> 0 | T23: ='19'!C21 -> 0 | U23: ='19'!C22 -> 0 | V23: ='19'!C23 -> 0 | W23: ='19'!C24 -> 0 | X23: ='19'!C25 -> 0 | Y23: ='19'!C26 -> 0 | Z23: ='19'!C27 -> 0 | AA23: =Z23+Y23+X23+W23+V23+U23+T23+S23+R23+Q23+P23+O23+N23+M23+L23+K23+J23+I23+H23+G23+F23 -> 525
A24: 46254 | B24: =E23 -> 90 | C24: ='20'!C31 -> 800 | D24: =B24+C24 -> 890 | E24: =D24-AA24 -> 535 | F24: ='20'!C6 -> 250 | G24: ='20'!C7 -> 0 | H24: ='20'!C8 -> 70 | I24: ='20'!C9 -> 35 | J24: ='20'!C10 -> 0 | K24: ='20'!C12 -> 0 | L24: ='20'!C13 -> 0 | M24: ='20'!C14 -> 0 | N24: ='20'!C15 -> 0 | O24: ='20'!C16 -> 0 | P24: ='20'!C17 -> 0 | Q24: ='20'!C18 -> 0 | R24: ='20'!C19 -> 0 | S24: ='20'!C20 -> 0 | T24: ='20'!C21 -> 0 | U24: ='20'!C22 -> 0 | V24: ='20'!C23 -> 0 | W24: ='20'!C24 -> 0 | X24: ='20'!C25 -> 0 | Y24: ='20'!C26 -> 0 | Z24: ='20'!C27 -> 0 | AA24: =Z24+Y24+X24+W24+V24+U24+T24+S24+R24+Q24+P24+O24+N24+M24+L24+K24+J24+I24+H24+G24+F24 -> 355
A25: 46255 | B25: =E24 -> 535 | C25: ='21'!C31 -> 0 | D25: =B25+C25 -> 535 | E25: =D25-AA25 -> 535 | F25: ='21'!C6 -> 0 | G25: ='21'!C7 -> 0 | H25: ='21'!C8 -> 0 | I25: ='21'!C9 -> 0 | J25: ='21'!C10 -> 0 | K25: ='21'!C12 -> 0 | L25: ='21'!C13 -> 0 | M25: ='21'!C14 -> 0 | N25: ='21'!C15 -> 0 | O25: ='21'!C16 -> 0 | P25: ='21'!C17 -> 0 | Q25: ='21'!C18 -> 0 | R25: ='21'!C19 -> 0 | S25: ='21'!C20 -> 0 | T25: ='21'!C21 -> 0 | U25: ='21'!C22 -> 0 | V25: ='21'!C23 -> 0 | W25: ='21'!C24 -> 0 | X25: ='21'!C25 -> 0 | Y25: ='21'!C26 -> 0 | Z25: ='21'!C27 -> 0 | AA25: =Z25+Y25+X25+W25+V25+U25+T25+S25+R25+Q25+P25+O25+N25+M25+L25+K25+J25+I25+H25+G25+F25 -> 0
A26: 46256 | B26: =E25 -> 535 | C26: ='22'!C31 -> 0 | D26: =B26+C26 -> 535 | E26: =D26-AA26 -> 535 | F26: ='22'!C6 -> 0 | G26: ='22'!C7 -> 0 | H26: ='22'!C8 -> 0 | I26: ='22'!C9 -> 0 | J26: ='22'!C10 -> 0 | K26: ='22'!C12 -> 0 | L26: ='22'!C13 -> 0 | M26: ='22'!C14 -> 0 | N26: ='22'!C15 -> 0 | O26: ='22'!C16 -> 0 | P26: ='22'!C17 -> 0 | Q26: ='22'!C18 -> 0 | R26: ='22'!C19 -> 0 | S26: ='22'!C20 -> 0 | T26: ='22'!C21 -> 0 | U26: ='22'!C22 -> 0 | V26: ='22'!C23 -> 0 | W26: ='22'!C24 -> 0 | X26: ='22'!C25 -> 0 | Y26: ='22'!C26 -> 0 | Z26: ='22'!C27 -> 0 | AA26: =Z26+Y26+X26+W26+V26+U26+T26+S26+R26+Q26+P26+O26+N26+M26+L26+K26+J26+I26+H26+G26+F26 -> 0
A27: 46257 | B27: =E26 -> 535 | C27: ='23'!C31 -> 0 | D27: =B27+C27 -> 535 | E27: =D27-AA27 -> 535 | F27: ='23'!C6 -> 0 | G27: ='23'!C7 -> 0 | H27: ='23'!C8 -> 0 | I27: ='23'!C9 -> 0 | J27: ='23'!C10 -> 0 | K27: ='23'!C12 -> 0 | L27: ='23'!C13 -> 0 | M27: ='23'!C14 -> 0 | N27: ='23'!C15 -> 0 | O27: ='23'!C16 -> 0 | P27: ='23'!C17 -> 0 | Q27: ='23'!C18 -> 0 | R27: ='23'!C19 -> 0 | S27: ='23'!C20 -> 0 | T27: ='23'!C21 -> 0 | U27: ='23'!C22 -> 0 | V27: ='23'!C23 -> 0 | W27: ='23'!C24 -> 0 | X27: ='23'!C25 -> 0 | Y27: ='23'!C26 -> 0 | Z27: ='23'!C27 -> 0 | AA27: =Z27+Y27+X27+W27+V27+U27+T27+S27+R27+Q27+P27+O27+N27+M27+L27+K27+J27+I27+H27+G27+F27 -> 0
A28: 46258 | B28: =E27 -> 535 | C28: ='24'!C31 -> 0 | D28: =B28+C28 -> 535 | E28: =D28-AA28 -> 535 | F28: ='24'!C6 -> 0 | G28: ='24'!C7 -> 0 | H28: ='24'!C8 -> 0 | I28: ='24'!C9 -> 0 | J28: ='24'!C10 -> 0 | K28: ='24'!C12 -> 0 | L28: ='24'!C13 -> 0 | M28: ='24'!C14 -> 0 | N28: ='24'!C15 -> 0 | O28: ='24'!C16 -> 0 | P28: ='24'!C17 -> 0 | Q28: ='24'!C18 -> 0 | R28: ='24'!C19 -> 0 | S28: ='24'!C20 -> 0 | T28: ='24'!C21 -> 0 | U28: ='24'!C22 -> 0 | V28: ='24'!C23 -> 0 | W28: ='24'!C24 -> 0 | X28: ='24'!C25 -> 0 | Y28: ='24'!C26 -> 0 | Z28: ='24'!C27 -> 0 | AA28: =Z28+Y28+X28+W28+V28+U28+T28+S28+R28+Q28+P28+O28+N28+M28+L28+K28+J28+I28+H28+G28+F28 -> 0
A29: 46259 | B29: =E28 -> 535 | C29: ='25'!C31 -> 0 | D29: =B29+C29 -> 535 | E29: =D29-AA29 -> 535 | F29: ='25'!C6 -> 0 | G29: ='25'!C7 -> 0 | H29: ='25'!C8 -> 0 | I29: ='25'!C9 -> 0 | J29: ='25'!C10 -> 0 | K29: ='25'!C12 -> 0 | L29: ='25'!C13 -> 0 | M29: ='25'!C14 -> 0 | N29: ='25'!C15 -> 0 | O29: ='25'!C16 -> 0 | P29: ='25'!C17 -> 0 | Q29: ='25'!C18 -> 0 | R29: ='25'!C19 -> 0 | S29: ='25'!C20 -> 0 | T29: ='25'!C21 -> 0 | U29: ='25'!C22 -> 0 | V29: ='25'!C23 -> 0 | W29: ='25'!C24 -> 0 | X29: ='25'!C25 -> 0 | Y29: ='25'!C26 -> 0 | Z29: ='25'!C27 -> 0 | AA29: =Z29+Y29+X29+W29+V29+U29+T29+S29+R29+Q29+P29+O29+N29+M29+L29+K29+J29+I29+H29+G29+F29 -> 0
A30: 46260 | B30: =E29 -> 535 | C30: ='26'!C31 -> 0 | D30: =B30+C30 -> 535 | E30: =D30-AA30 -> 535 | F30: ='26'!C6 -> 0 | G30: ='26'!C7 -> 0 | H30: ='26'!C8 -> 0 | I30: ='26'!C9 -> 0 | J30: ='26'!C10 -> 0 | K30: ='26'!C12 -> 0 | L30: ='26'!C13 -> 0 | M30: ='26'!C14 -> 0 | N30: ='26'!C15 -> 0 | O30: ='26'!C16 -> 0 | P30: ='26'!C17 -> 0 | Q30: ='26'!C18 -> 0 | R30: ='26'!C19 -> 0 | S30: ='26'!C20 -> 0 | T30: ='26'!C21 -> 0 | U30: ='26'!C22 -> 0 | V30: ='26'!C23 -> 0 | W30: ='26'!C24 -> 0 | X30: ='26'!C25 -> 0 | Y30: ='26'!C26 -> 0 | Z30: ='26'!C27 -> 0 | AA30: =Z30+Y30+X30+W30+V30+U30+T30+S30+R30+Q30+P30+O30+N30+M30+L30+K30+J30+I30+H30+G30+F30 -> 0
A31: 46261 | B31: =E30 -> 535 | C31: ='27'!C31 -> 0 | D31: =B31+C31 -> 535 | E31: =D31-AA31 -> 535 | F31: ='27'!C6 -> 0 | G31: ='27'!C7 -> 0 | H31: ='27'!C8 -> 0 | I31: ='27'!C9 -> 0 | J31: ='27'!C10 -> 0 | K31: ='27'!C12 -> 0 | L31: ='27'!C13 -> 0 | M31: ='27'!C14 -> 0 | N31: ='27'!C15 -> 0 | O31: ='27'!C16 -> 0 | P31: ='27'!C17 -> 0 | Q31: ='27'!C18 -> 0 | R31: ='27'!C19 -> 0 | S31: ='27'!C20 -> 0 | T31: ='27'!C21 -> 0 | U31: ='27'!C22 -> 0 | V31: ='27'!C23 -> 0 | W31: ='27'!C24 -> 0 | X31: ='27'!C25 -> 0 | Y31: ='27'!C26 -> 0 | Z31: ='27'!C27 -> 0 | AA31: =Z31+Y31+X31+W31+V31+U31+T31+S31+R31+Q31+P31+O31+N31+M31+L31+K31+J31+I31+H31+G31+F31 -> 0
A32: 46262 | B32: =E31 -> 535 | C32: ='28'!C31 -> 0 | D32: =B32+C32 -> 535 | E32: =D32-AA32 -> 535 | F32: ='28'!C6 -> 0 | G32: ='28'!C7 -> 0 | H32: ='28'!C8 -> 0 | I32: ='28'!C9 -> 0 | J32: ='28'!C10 -> 0 | K32: ='28'!C12 -> 0 | L32: ='28'!C13 -> 0 | M32: ='28'!C14 -> 0 | N32: ='28'!C15 -> 0 | O32: ='28'!C16 -> 0 | P32: ='28'!C17 -> 0 | Q32: ='28'!C18 -> 0 | R32: ='28'!C19 -> 0 | S32: ='28'!C20 -> 0 | T32: ='28'!C21 -> 0 | U32: ='28'!C22 -> 0 | V32: ='28'!C23 -> 0 | W32: ='28'!C24 -> 0 | X32: ='28'!C25 -> 0 | Y32: ='28'!C26 -> 0 | Z32: ='28'!C27 -> 0 | AA32: =Z32+Y32+X32+W32+V32+U32+T32+S32+R32+Q32+P32+O32+N32+M32+L32+K32+J32+I32+H32+G32+F32 -> 0
A33: 46263 | B33: =E32 -> 535 | C33: ='29'!C31 -> 0 | D33: =B33+C33 -> 535 | E33: =D33-AA33 -> 535 | F33: ='29'!C6 -> 0 | G33: ='29'!C7 -> 0 | H33: ='29'!C8 -> 0 | I33: ='29'!C9 -> 0 | J33: ='29'!C10 -> 0 | K33: ='29'!C12 -> 0 | L33: ='29'!C13 -> 0 | M33: ='29'!C14 -> 0 | N33: ='29'!C15 -> 0 | O33: ='29'!C16 -> 0 | P33: ='29'!C17 -> 0 | Q33: ='29'!C18 -> 0 | R33: ='29'!C19 -> 0 | S33: ='29'!C20 -> 0 | T33: ='29'!C21 -> 0 | U33: ='29'!C22 -> 0 | V33: ='29'!C23 -> 0 | W33: ='29'!C24 -> 0 | X33: ='29'!C25 -> 0 | Y33: ='29'!C26 -> 0 | Z33: ='29'!C27 -> 0 | AA33: =Z33+Y33+X33+W33+V33+U33+T33+S33+R33+Q33+P33+O33+N33+M33+L33+K33+J33+I33+H33+G33+F33 -> 0
A34: 46264 | B34: =E33 -> 535 | C34: ='30'!C31 -> 0 | D34: =B34+C34 -> 535 | E34: =D34-AA34 -> 535 | F34: ='30'!C6 -> 0 | G34: ='30'!C7 -> 0 | H34: ='30'!C8 -> 0 | I34: ='30'!C9 -> 0 | J34: ='30'!C10 -> 0 | K34: ='30'!C12 -> 0 | L34: ='30'!C13 -> 0 | M34: ='30'!C14 -> 0 | N34: ='30'!C15 -> 0 | O34: ='30'!C16 -> 0 | P34: ='30'!C17 -> 0 | Q34: ='30'!C18 -> 0 | R34: ='30'!C19 -> 0 | S34: ='30'!C20 -> 0 | T34: ='30'!C21 -> 0 | U34: ='30'!C22 -> 0 | V34: ='30'!C23 -> 0 | W34: ='30'!C24 -> 0 | X34: ='30'!C25 -> 0 | Y34: ='30'!C26 -> 0 | Z34: ='30'!C27 -> 0 | AA34: =Z34+Y34+X34+W34+V34+U34+T34+S34+R34+Q34+P34+O34+N34+M34+L34+K34+J34+I34+H34+G34+F34 -> 0
A35: 46265 | B35: =E34 -> 535 | C35: ='31'!C30 -> 0 | D35: =B35+C35 -> 535 | E35: =D35-AA35 -> 535 | F35: ='31'!C6 -> 0 | G35: ='31'!C7 -> 0 | H35: ='31'!C8 -> 0 | I35: ='31'!C9 -> 0 | J35: ='31'!C10 -> 0 | K35: ='31'!C11 -> 0 | L35: ='31'!C12 -> 0 | M35: ='31'!C13 -> 0 | N35: ='31'!C14 -> 0 | O35: ='31'!C15 -> 0 | P35: ='31'!C16 -> 0 | Q35: ='31'!C17 -> 0 | R35: ='31'!C18 -> 0 | S35: ='31'!C19 -> 0 | T35: ='31'!C20 -> 0 | U35: ='31'!C21 -> 0 | V35: ='31'!C22 -> 0 | W35: ='31'!C23 -> 0 | X35: ='31'!C24 -> 0 | Y35: ='31'!C25 -> 0 | Z35: ='31'!C26 -> 0 | AA35: =Z35+Y35+X35+W35+V35+U35+T35+S35+R35+Q35+P35+O35+N35+M35+L35+K35+J35+I35+H35+G35+F35 -> 0
A36: TOTAL | C36: =SUM(C20:C35) -> 800 | F36: =SUM(F20:F35) -> 1065 | G36: =SUM(G20:G35) -> 150 | H36: =SUM(H20:H35) -> 530 | I36: =SUM(I20:I35) -> 235 | J36: =SUM(J20:J35) -> 0 | K36: =SUM(K20:K35) -> 0 | L36: =SUM(L20:L35) -> 0 | M36: =SUM(M20:M35) -> 0 | ... Z36: =SUM(Z20:Z35) -> 0 | AA36: =Z36+Y36+X36+W36+V36+U36+T36+S36+R36+Q36+P36+O36+N36+M36+L36+K36+J36+I36+H36+G36+F36 -> 2005 | AB36: =SUM(AB20:AB35) -> 0
A37: GRAND TOTAL | C37: =SUM(C36,C19) -> 7900 | F37: =SUM(F36,F19) -> 2865 | G37: =SUM(G36,G19) -> 1430 | H37: =SUM(H36,H19) -> 1595 | I37: =SUM(I36,I19) -> 1510 | J37: =SUM(J36,J19) -> 0 | K37: =SUM(K36,K19) -> 0 | L37: =SUM(L36,L19) -> 30 | M37: =SUM(M36,M19) -> 0 | ... Z37: =SUM(Z36,Z19) -> 0 | AA37: =AA19+AA36 -> 7465 | AB37: =SUM(AB36,AB19) -> 0

Sheet Hydraulic Oil Level Sheet
A1: OIL TANK LEVEL REPORT
A2: HYDRAULIC OIL LEVEL (LTRS)
E3: MOTNH :- | J3: RIG NAME :-
A4: Date | B4: RIG CARRIER HYDRAULIC TANK (Capacity- 600 Ltr) | G4: Date | H4: Accumulator tank (Capacity - 800 Ltr)
B5: Opening | C5: Top up | D5: Loss | E5: Closing | F5: Remark | H5: Opening | I5: Top up | J5: Loss | K5: Closing | L5: Remark
A6: 46174 | E6: =B6+C6-D6 -> 0 | G6: 46174 | K6: =H6+I6-J6 -> 0
A7: 46175 | B7: =E6 -> 0 | E7: =B7+C7-D7 -> 0 | G7: 46175 | H7: =K6 -> 0 | K7: =H7+I7-J7 -> 0
A8: 46176 | B8: =E7 -> 0 | E8: =B8+C8-D8 -> 0 | G8: 46176 | H8: =K7 -> 0 | K8: =H8+I8-J8 -> 0
A9: 46177 | B9: =E8 -> 0 | E9: =B9+C9-D9 -> 0 | G9: 46177 | H9: =K8 -> 0 | K9: =H9+I9-J9 -> 0
A10: 46178 | B10: =E9 -> 0 | E10: =B10+C10-D10 -> 0 | G10: 46178 | H10: =K9 -> 0 | K10: =H10+I10-J10 -> 0
A11: 46179 | B11: =E10 -> 0 | E11: =B11+C11-D11 -> 0 | G11: 46179 | H11: =K10 -> 0 | K11: =H11+I11-J11 -> 0
A12: 46180 | B12: =E11 -> 0 | E12: =B12+C12-D12 -> 0 | G12: 46180 | H12: =K11 -> 0 | K12: =H12+I12-J12 -> 0
A13: 46181 | B13: =E12 -> 0 | E13: =B13+C13-D13 -> 0 | G13: 46181 | H13: =K12 -> 0 | K13: =H13+I13-J13 -> 0
A14: 46182 | B14: =E13 -> 0 | E14: =B14+C14-D14 -> 0 | G14: 46182 | H14: =K13 -> 0 | K14: =H14+I14-J14 -> 0
A15: 46183 | B15: =E14 -> 0 | E15: =B15+C15-D15 -> 0 | G15: 46183 | H15: =K14 -> 0 | K15: =H15+I15-J15 -> 0
A16: 46184 | B16: =E15 -> 0 | E16: =B16+C16-D16 -> 0 | G16: 46184 | H16: =K15 -> 0 | K16: =H16+I16-J16 -> 0
A17: 46185 | B17: =E16 -> 0 | E17: =B17+C17-D17 -> 0 | G17: 46185 | H17: =K16 -> 0 | K17: =H17+I17-J17 -> 0
A18: 46186 | B18: =E17 -> 0 | E18: =B18+C18-D18 -> 0 | G18: 46186 | H18: =K17 -> 0 | K18: =H18+I18-J18 -> 0
... A35: 46203 | B35: =E34 -> 0 | E35: =B35+C35-D35 -> 0 | G35: 46203 | H35: =K34 -> 0 | K35: =H35+I35-J35 -> 0
B36: =E35 -> 0 | E36: =B36+C36-D36 -> 0 | H36: =K35 -> 0 | K36: =H36+I36-J36 -> 0

Sheet 1
A1: OPERATION WORKING SHORT DPR
A2: RIG Name :- | B2: GTC-100-01 | G2: Date :- | H2: 46235
A3: Well No :- | B3: DND#592 | C3: R1 | D3: R2 | E3: R3 | F3: ILM | G3: TOTAL
C4: 7.5 | D4: 9.5 | E4: 0 | F4: 0 | G4: =SUM(C4,D4,E4,F4) -> 17
A5: Equipments | B5: Opening Stock HSD | C5: Top-up HSD | D5: Total HSD | E5: Total Consu. HSD | F5: Total Consu. HRS | G5: Opening Running HRS | H5: Closing HRS | I5: Closing Stock HSD | J5: Average | K5: Remark If Any
A6: Rig Carrier CAT (C-15) | B6: 243 | C6: 170 | D6: =B6+C6 -> 413 | E6: 22 | F6: 3.5 | G6: 25125 | H6: =SUM(G6,F6) -> 25128.5 | I6: =D6-E6 -> 391 | J6: =IFERROR(E6/F6,"") -> 6.2857143
A7: Mud Pump (C-15) | B7: 54 | C7: 80 | D7: =B7+C7 -> 134 | E7: 78 | F7: 5.5 | G7: 1457 | H7: =SUM(G7,F7) -> 1462.5 | I7: =D7-E7 -> 56 | J7: =IFERROR(E7/F7,"") -> 14.181818
A8: DG-1 SUPERNOVA(125 KVA) | B8: 32 | C8: 0 | D8: =B8+C8 -> 32 | E8: 0 | F8: 0 | G8: 1265 | H8: =SUM(G8,F8) -> 1265 | I8: =D8-E8 -> 32 | J8: =IFERROR(E8/F8,"") | K8: BREAKDOWN
A9: DG-2 SUPERNOVA (125 KVA ) | B9: 81 | C9: 200 | D9: =B9+C9 -> 281 | E9: =24*6 -> 144 | F9: 24 | G9: 3126 | H9: =SUM(G9,F9) -> 3150 | I9: =D9-E9 -> 137 | J9: =IFERROR(E9/F9,"") -> 6
A10: DG- 3 | B10: 26 | C10: 0 | D10: =B10+C10 -> 26 | E10: 0 | F10: 0 | G10: 97 | H10: =SUM(G10,F10) -> 97 | I10: =D10-E10 -> 26 | J10: =IFERROR(E10/F10,"")
A11: MECHANICAL Air Compressor (Kirloskar) | B11: 0 | C11: 0 | D11: =B11+C11 -> 0 | E11: 0 | F11: 0 | G11: 0 | H11: =SUM(G11,F11) -> 0 | I11: =D11-E11 -> 0 | J11: =IFERROR(E11/F11,"")
A12: Fire Pump (Kirloskar) | B12: 29 | C12: 0 | D12: =B12+C12 -> 29 | E12: 0 | F12: 0 | G12: 7 | H12: =SUM(G12,F12) -> 7 | I12: =D12-E12 -> 29 | J12: =IFERROR(E12/F12,"")
A13: Water Tanker (GJ-08 v - 2430) | B13: 0 | C13: 0 | D13: =B13+C13 -> 0 | E13: 0 | F13: 0 | G13: 0 | H13: =SUM(G13,F13) -> 0 | I13: =D13-E13 -> 0 | J13: =IFERROR(E13/F13,"")
A14: Water Tanker (GJ-18 AZ 1825) | B14: 0 | C14: 0 | D14: =B14+C14 -> 0 | E14: 0 | F14: 0 | G14: 0 | H14: =SUM(G14,F14) -> 0 | I14: =D14-E14 -> 0 | J14: =IFERROR(E14/F14,"")
A15: WATER TANKER ( GJ-01-BY-5368) | B15: 0 | C15: 0 | D15: =C15+B15 -> 0 | E15: 0 | F15: 0 | G15: 0 | H15: =SUM(G15,F15) -> 0 | I15: =D15-E15 -> 0 | J15: =IFERROR(E15/F15,"")
A16: OTHERS (CLEANING & SERVICING) | B16: 0 | C16: 10 | D16: =C16+B16 -> 10 | E16: 10 | F16: 0 | G16: 0 | H16: =SUM(G16,F16) -> 0 | I16: =D16-E16 -> 0 | J16: =IFERROR(E16/F16,"") | K16: issued to globe grane GJ 38 S 0395
A17: TRANSFERRED | B17: 0 | D17: =C17+B17 -> 0 | E17: 0 | F17: 0 | G17: 0 | H17: =SUM(G17,F17) -> 0 | I17: =D17-E17 -> 0 | J17: =IFERROR(E17/F17,"")
D18: =C18+B18 -> 0 | H18: =SUM(G18,F18) -> 0 | I18: =D18-E18 -> 0 | J18: =IFERROR(E18/F18,"")
D19: =C19+B19 -> 0 | H19: =SUM(G19,F19) -> 0 | I19: =D19-E19 -> 0 | J19: =IFERROR(E19/F19,"")
D20: =C20+B20 -> 0 | H20: =SUM(G20,F20) -> 0 | I20: =D20-E20 -> 0 | J20: =IFERROR(E20/F20,"")
D21: =C21+B21 -> 0 | H21: =SUM(G21,F21) -> 0 | I21: =D21-E21 -> 0 | J21: =IFERROR(E21/F21,"")
D22: =C22+B22 -> 0 | H22: =SUM(G22,F22) -> 0 | I22: =D22-E22 -> 0 | J22: =IFERROR(E22/F22,"")
D23: =C23+B23 -> 0 | H23: =SUM(G23,F23) -> 0 | I23: =D23-E23 -> 0 | J23: =IFERROR(E23/F23,"")
D24: =C24+B24 -> 0 | H24: =SUM(G24,F24) -> 0 | I24: =D24-E24 -> 0 | J24: =IFERROR(E24/F24,"")
D25: =C25+B25 -> 0 | H25: =SUM(G25,F25) -> 0 | I25: =D25-E25 -> 0 | J25: =IFERROR(E25/F25,"")
D26: =C26+B26 -> 0 | H26: =SUM(G26,F26) -> 0 | I26: =D26-E26 -> 0 | J26: =IFERROR(E26/F26,"")
A27: Total HSD | C27: =SUM(C6:C26) -> 460 | D27: =D6+D7+D8+D9+D10+#REF!+D11+D12+D13+D14+D15+D16+D17+D18+D19+D20+D21+D22+D24+D23+D25+D26 -> #REF! | E27: =SUM(E6:E26) -> 254 | F27: =SUM(F6:F26) -> 33 | I27: =I6+I7+I8+I9+I10+#REF!+I11+I12+I13+I14+I15+I16+I17+I18+I19+I20+I21+I22+I24+I23+I25+I26 -> #REF!
B29: Opening bal | C29: Received | D29: Total Balance | E29: TOP UP | F29: Total Consumption (Ltrs) | G29: Closing Balance. | H29: Remark If Any
A30: Rig Site Diesel | B30: 100 | C30: 800 | D30: =SUM(B30:C30) -> 900 | E30: =C27 -> 460 | F30: =E27 -> 254 | G30: =D30-E30 -> 440
A31: Rig Site -D.Water | B31: 0 | C31: 0 | D31: =SUM(B31,C31) -> 0 | E31: 0 | F31: 0 | G31: =D31-F31 -> 0
A33: Lubricants & Grease
A34: Lubricants Name | B34: Opening Bal | C34: Received | D34: Total | E34: Consumed | F34: Closing Balance. | G34: Remark
A35: ENGINE OIL 15W40 | B35: 107 | D35: =SUM(B35:C35) -> 107 | F35: =D35-E35 -> 107
A36: Hydraulic Oil-68 | B36: 420 | D36: =SUM(B36:C36) -> 420 | F36: =D36-E36 -> 420
A37: Gear Oil = 80-W-90 | B37: 320 | D37: =SUM(B37:C37) -> 320 | F37: =D37-E37 -> 320
A38: Transmission Oil-30 | B38: 105 | D38: =SUM(B38:C38) -> 105 | F38: =D38-E38 -> 105
A39: SAE-40 Compressor Oil | B39: 0 | D39: =SUM(B39:C39) -> 0 | F39: =D39-E39 -> 0
A40: REFINED OIL(FOR BCU) | B40: 0 | D40: =SUM(B40:C40) -> 0 | F40: =D40-E40 -> 0
A41: PREMIX 50-50 COOLANT | B41: 190 | D41: =SUM(B41:C41) -> 190 | F41: =D41-E41 -> 190
A42: DOPE AS PER API IN KG | B42: 0 | D42: =SUM(B42:C42) -> 0 | F42: =D42-E42 -> 0
A43: Grease M.P IN KG | B43: 20 | D43: =SUM(B43:C43) -> 20 | F43: =D43-E43 -> 20
A44: Corona-68 Oil (ULTRA COOLANT) | B44: 0 | D44: =SUM(B44:C44) -> 0 | F44: =D44-E44 -> 0
A45: Drillo Meter Charging Oil | B45: 0 | D45: =SUM(B45:C45) -> 0 | F45: =D45-E45 -> 0
A46: BURNT OIL | B46: 0 | D46: =SUM(B46:C46) -> 0 | F46: =D46-E46 -> 0
A48: Name | B48: Opening Bal. Full Cyl | C48: Received Full Cyl. | D48: Running at site | E48: Empty at Site | F48: Total Cyl at Site | G48: Return to Party | H48: Bal. at Site | I48: Remark
A49: O2 Cyl. | B49: 0 | C49: 0 | D49: 0 | E49: 0 | F49: 0 | G49: 0 | H49: 0
A50: DA Cyl. | B50: 0 | C50: 0 | D50: 0 | E50: 0 | F50: 0 | G50: 0 | H50: 0
A51: N2 | B51: 0 | C51: 0 | D51: 0 | E51: 0 | F51: 0 | G51: 0 | H51: 0

Sheet 2
A1: OPERATION WORKING SHORT DPR
A2: RIG Name :- | B2: GTC-100-01 | G2: Date :- | H2: 46236
A3: Well No :- | B3: GND#592 | C3: R1 | D3: R2 | E3: R3 | F3: ILM | G3: TOTAL
C4: 20 | D4: 4 | E4: 0 | F4: 0 | G4: =SUM(C4,D4,E4,F4) -> 24
A5: Equipments | B5: Opening Stock HSD | C5: Top-up HSD | D5: Total HSD | E5: Total Consu. HSD | F5: Total Consu. HRS | G5: Opening Running HRS | H5: Closing HRS | I5: Closing Stock HSD | J5: Average | K5: Remark If Any
A6: Rig Carrier CAT (C9) | B6: ='1'!I6 -> 391 | C6: 0 | D6: =B6+C6 -> 391 | E6: 135 | F6: 18 | G6: ='1'!H6 -> 25128.5 | H6: =SUM(G6,F6) -> 25146.5 | I6: =D6-E6 -> 256 | J6: =E6/F6 -> 7.5
A7: Mud Pump (Cummins) | B7: ='1'!I7 -> 56 | C7: 200 | D7: =B7+C7 -> 256 | E7: 80 | F7: 4.5 | G7: ='1'!H7 -> 1462.5 | H7: =SUM(G7,F7) -> 1467 | I7: =D7-E7 -> 176 | J7: =E7/F7 -> 17.777778
A8: DG-1 (125 KVA) | B8: ='1'!I8 -> 32 | C8: 0 | D8: =B8+C8 -> 32 | E8: 0 | F8: 0 | G8: ='1'!H8 -> 1265 | H8: =SUM(G8,F8) -> 1265 | I8: =D8-E8 -> 32 | J8: =E8/F8 -> #DIV/0!
A9: DG-2 ( 125 KVA ) | B9: ='1'!I9 -> 137 | C9: 130 | D9: =B9+C9 -> 267 | E9: 143 | F9: 24 | G9: ='1'!H9 -> 3150 | H9: =SUM(G9,F9) -> 3174 | I9: =D9-E9 -> 124 | J9: =E9/F9 -> 5.9583333
A10: DG- 3 (Ashok Leyland) (25 KVA) | B10: ='1'!I10 -> 26 | C10: 0 | D10: =B10+C10 -> 26 | E10: 0 | F10: 0 | G10: ='1'!H10 -> 97 | H10: =SUM(G10,F10) -> 97 | I10: =D10-E10 -> 26 | J10: =E10/F10 -> #DIV/0!
A11: Electrical Air Compressor (Kirloskar) | B11: ='1'!I11 -> 0 | C11: 0 | D11: =B11+C11 -> 0 | E11: 0 | F11: 0 | G11: ='1'!H11 -> 0 | H11: =SUM(G11,F11) -> 0 | I11: =D11-E11 -> 0 | J11: =E11/F11 -> #DIV/0!
A12: Fire Pump (Kirloskar) | B12: ='1'!I12 -> 29 | C12: 0 | D12: =B12+C12 -> 29 | E12: 3 | F12: 1 | G12: ='1'!H12 -> 7 | H12: =SUM(G12,F12) -> 8 | I12: =D12-E12 -> 26 | J12: =E12/F12 -> 3
A13: Water Tanker (GJ-08 v - 2430) | B13: ='1'!I13 -> 0 | C13: 0 | D13: =B13+C13 -> 0 | E13: 0 | F13: 0 | G13: ='1'!H13 -> 0 | H13: =SUM(G13,F13) -> 0 | I13: =D13-E13 -> 0 | J13: =E13/F13 -> #DIV/0!
A14: Water Tanker (GJ-18 AZ 1825) | B14: ='1'!I14 -> 0 | C14: 0 | D14: =B14+C14 -> 0 | E14: 0 | F14: 0 | G14: ='1'!H14 -> 0 | H14: =SUM(G14,F14) -> 0 | I14: =D14-E14 -> 0 | J14: =E14/F14 -> #DIV/0!
A15: WATER TANKER ( GJ-01-BY-5368) | B15: ='1'!I15 -> 0 | C15: 0 | D15: =C15+B15 -> 0 | E15: 0 | F15: 0 | G15: ='1'!H15 -> 0 | H15: =SUM(G15,F15) -> 0 | I15: =D15-E15 -> 0 | J15: =E15/F15 -> #DIV/0!
A16: OTHERS (CLEANING & SERVICING) | B16: ='1'!I16 -> 0 | C16: 0 | D16: =C16+B16 -> 0 | E16: 0 | F16: 0 | G16: ='1'!H16 -> 0 | H16: =SUM(G16,F16) -> 0 | I16: =D16-E16 -> 0 | J16: =E16/F16 -> #DIV/0!
A17: TRANSFERRED | B17: ='1'!I17 -> 0 | C17: 0 | D17: =C17+B17 -> 0 | E17: 0 | F17: 0 | G17: ='1'!H17 -> 0 | H17: =SUM(G17,F17) -> 0 | I17: =D17-E17 -> 0 | J17: =E17/F17 -> #DIV/0!
B18: ='1'!I18 -> 0 | D18: =C18+B18 -> 0 | F18: 0 | G18: ='1'!H18 -> 0 | H18: =SUM(G18,F18) -> 0 | I18: =D18-E18 -> 0 | J18: =E18/F18 -> #DIV/0!
B19: ='1'!I19 -> 0 | D19: =C19+B19 -> 0 | F19: 0 | G19: ='1'!H19 -> 0 | H19: =SUM(G19,F19) -> 0 | I19: =D19-E19 -> 0 | J19: =E19/F19 -> #DIV/0!
B20: ='1'!I20 -> 0 | D20: =C20+B20 -> 0 | F20: 0 | G20: ='1'!H20 -> 0 | H20: =SUM(G20,F20) -> 0 | I20: =D20-E20 -> 0 | J20: =E20/F20 -> #DIV/0!
B21: ='1'!I21 -> 0 | D21: =C21+B21 -> 0 | F21: 0 | G21: ='1'!H21 -> 0 | H21: =SUM(G21,F21) -> 0 | I21: =D21-E21 -> 0 | J21: =E21/F21 -> #DIV/0!
B22: ='1'!I22 -> 0 | D22: =C22+B22 -> 0 | F22: 0 | G22: ='1'!H22 -> 0 | H22: =SUM(G22,F22) -> 0 | I22: =D22-E22 -> 0 | J22: =E22/F22 -> #DIV/0!
B23: ='1'!I23 -> 0 | D23: =C23+B23 -> 0 | F23: 0 | G23: ='1'!H23 -> 0 | H23: =SUM(G23,F23) -> 0 | I23: =D23-E23 -> 0 | J23: =E23/F23 -> #DIV/0!
B24: ='1'!I24 -> 0 | D24: =C24+B24 -> 0 | F24: 0 | G24: ='1'!H24 -> 0 | H24: =SUM(G24,F24) -> 0 | I24: =D24-E24 -> 0 | J24: =E24/F24 -> #DIV/0!
B25: ='1'!I25 -> 0 | D25: =C25+B25 -> 0 | F25: 0 | G25: ='1'!H25 -> 0 | H25: =SUM(G25,F25) -> 0 | I25: =D25-E25 -> 0 | J25: =E25/F25 -> #DIV/0!
B26: ='1'!I26 -> 0 | D26: =C26+B26 -> 0 | F26: 0 | G26: ='1'!H26 -> 0 | H26: =SUM(G26,F26) -> 0 | I26: =D26-E26 -> 0 | J26: =E26/F26 -> #DIV/0!
A27: Total HSD | C27: =SUM(C6:C25) -> 330 | D27: =SUM(D6:D25) -> 1001 | E27: =SUM(E6:E25) -> 361 | F27: =SUM(F6:F25) -> 47.5 | I27: =SUM(I6:I25) -> 640
B29: Opening bal | C29: Received | D29: Total Balance | E29: TOP UP | F29: Total Consumption (Ltrs) | G29: Closing Balance. | H29: Remark If Any
A30: Rig Site Diesel | B30: ='1'!G30 -> 440 | C30: 0 | D30: =SUM(B30:C30) -> 440 | E30: =C27 -> 330 | F30: =E27 -> 361 | G30: =D30-E30 -> 110
A31: Rig Site -D.Water | B31: 0 | C31: 0 | D31: =SUM(B31,C31) -> 0 | E31: 0 | F31: 0 | G31: =D31-F31 -> 0
A33: Lubricants & Grease
A34: Lubricants Name | B34: Opening Bal | C34: Received | D34: Total | E34: Consumed | F34: Closing Balance. | G34: Remark
A35: ENGINE OIL 15W40 | B35: ='1'!F35 -> 107 | D35: =SUM(B35:C35) -> 107 | F35: =D35-E35 -> 107
A36: Hydraulic Oil-68 | B36: ='1'!F36 -> 420 | D36: =SUM(B36:C36) -> 420 | F36: =D36-E36 -> 420
A37: Gear Oil = 80-W-90 | B37: ='1'!F37 -> 320 | D37: =SUM(B37:C37) -> 320 | F37: =D37-E37 -> 320
A38: Transmission Oil-30 | B38: ='1'!F38 -> 105 | D38: =SUM(B38:C38) -> 105 | F38: =D38-E38 -> 105
A39: SAE-40 Compressor Oil | B39: ='1'!F39 -> 0 | D39: =SUM(B39:C39) -> 0 | F39: =D39-E39 -> 0
A40: REFINED OIL(FOR BCU) | B40: ='1'!F40 -> 0 | D40: =SUM(B40:C40) -> 0 | F40: =D40-E40 -> 0
A41: PREMIX 50-50 COOLANT | B41: ='1'!F41 -> 190 | D41: =SUM(B41:C41) -> 190 | F41: =D41-E41 -> 190
A42: DOPE AS PER API IN KG | B42: ='1'!F42 -> 0 | D42: =SUM(B42:C42) -> 0 | F42: =D42-E42 -> 0
A43: Grease M.P IN KG | B43: ='1'!F43 -> 20 | D43: =SUM(B43:C43) -> 20 | F43: =D43-E43 -> 20
A44: Corona-68 Oil (ULTRA COOLANT) | B44: ='1'!F44 -> 0 | D44: =SUM(B44:C44) -> 0 | F44: =D44-E44 -> 0
A45: Drillo Meter Charging Oil | B45: ='1'!F45 -> 0 | D45: =SUM(B45:C45) -> 0 | F45: =D45-E45 -> 0
A46: BURNT OIL | B46: ='1'!F46 -> 0 | D46: =SUM(B46:C46) -> 0 | F46: =D46-E46 -> 0
A48: Name | B48: Opening Bal. Full Cyl | C48: Received Full Cyl. | D48: Running at site | E48: Empty at Site | F48: Total Cyl at Site | G48: Return to Party | H48: Bal. at Site | I48: Remark
A49: O2 Cyl. | B49: 0 | C49: 0 | D49: 0 | E49: 0 | F49: 0 | G49: 0 | H49: 0
A50: DA Cyl. | B50: 0 | C50: 0 | D50: 0 | E50: 0 | F50: 0 | G50: 0 | H50: 0
A51: N2 | B51: 0 | C51: 0 | D51: 0 | E51: 0 | F51: 0 | G51: 0 | H51: 0

Sheet 3
A1: OPERATION WORKING SHORT DPR
A2: RIG Name :- | B2: GTC-100-01 | G2: Date :- | H2: 46237
A3: Well No :- | B3: GND#592 | C3: R1 | D3: R2 | E3: R3 | F3: ILM | G3: TOTAL
C4: 7.5 | D4: 1 | E4: 15.5 | F4: 0 | G4: =SUM(C4,D4,E4,F4) -> 24
A5: Equipments | B5: Opening Stock HSD | C5: Top-up HSD | D5: Total HSD | E5: Total Consu. HSD | F5: Total Consu. HRS | G5: Opening Running HRS | H5: Closing HRS | I5: Closing Stock HSD | J5: Average | K5: Remark If Any
A6: Rig Carrier CAT (C9) | B6: ='2'!I6 -> 256 | C6: 0 | D6: =B6+C6 -> 256 | E6: 58 | F6: 10 | G6: ='2'!H6 -> 25146.5 | H6: =SUM(G6,F6) -> 25156.5 | I6: =D6-E6 -> 198 | J6: =E6/F6 -> 5.8
A7: Mud Pump (Cummins) | B7: ='2'!I7 -> 176 | C7: 0 | D7: =B7+C7 -> 176 | E7: 0 | F7: 0 | G7: ='2'!H7 -> 1467 | H7: =SUM(G7,F7) -> 1467 | I7: =D7-E7 -> 176 | J7: =E7/F7 -> #DIV/0!
A8: DG-1 E622CDJC204733G (125 KVA) | B8: ='2'!I8 -> 32 | C8: 0 | D8: =B8+C8 -> 32 | E8: 0 | F8: 0 | G8: ='2'!H8 -> 1265 | H8: =SUM(G8,F8) -> 1265 | I8: =D8-E8 -> 32 | J8: =E8/F8 -> #DIV/0!
A9: DG-2 E622CDJF215149G ( 125 KVA ) | B9: ='2'!I9 -> 124 | C9: 145 | D9: =B9+C9 -> 269 | E9: 150 | F9: 24 | G9: ='2'!H9 -> 3174 | H9: =SUM(G9,F9) -> 3198 | I9: =D9-E9 -> 119 | J9: =E9/F9 -> 6.25
A10: DG- 3 (Ashok Leyland) (25 KVA) | B10: ='2'!I10 -> 26 | C10: 0 | D10: =B10+C10 -> 26 | E10: 0 | F10: 0 | G10: ='2'!H10 -> 97 | H10: =SUM(G10,F10) -> 97 | I10: =D10-E10 -> 26 | J10: =E10/F10 -> #DIV/0!
A11: Electrical Air Compressor (Kirloskar) | B11: ='2'!I11 -> 0 | C11: 0 | D11: =B11+C11 -> 0 | E11: 0 | F11: 0 | G11: ='2'!H11 -> 0 | H11: =SUM(G11,F11) -> 0 | I11: =D11-E11 -> 0 | J11: =E11/F11 -> #DIV/0!
A12: Fire Pump (Kirloskar) | B12: ='2'!I12 -> 26 | C12: 0 | D12: =B12+C12 -> 26 | E12: 0 | F12: 0 | G12: ='2'!H12 -> 8 | H12: =SUM(G12,F12) -> 8 | I12: =D12-E12 -> 26 | J12: =E12/F12 -> #DIV/0!
A13: Water Tanker (GJ-08 v - 2430) | B13: ='2'!I13 -> 0 | C13: 0 | D13: =B13+C13 -> 0 | E13: 0 | F13: 0 | G13: ='2'!H13 -> 0 | H13: =SUM(G13,F13) -> 0 | I13: =D13-E13 -> 0 | J13: =E13/F13 -> #DIV/0!
A14: Water Tanker (GJ-18 AZ 1825) | B14: ='2'!I14 -> 0 | C14: 0 | D14: =B14+C14 -> 0 | E14: 0 | F14: 0 | G14: ='2'!H14 -> 0 | H14: =SUM(G14,F14) -> 0 | I14: =D14-E14 -> 0 | J14: =E14/F14 -> #DIV/0!
A15: WATER TANKER ( GJ-01-BY-5368) | B15: ='2'!I15 -> 0 | C15: 0 | D15: =C15+B15 -> 0 | E15: 0 | F15: 0 | G15: ='2'!H15 -> 0 | H15: =SUM(G15,F15) -> 0 | I15: =D15-E15 -> 0 | J15: =E15/F15 -> #DIV/0!
A16: OTHERS (CLEANING & SERVICING) | B16: ='2'!I16 -> 0 | C16: 0 | D16: =C16+B16 -> 0 | E16: 0 | F16: 0 | G16: ='2'!H16 -> 0 | H16: =SUM(G16,F16) -> 0 | I16: =D16-E16 -> 0 | J16: =E16/F16 -> #DIV/0!
A17: TRANSFERRED | B17: ='2'!I17 -> 0 | C17: 0 | D17: =C17+B17 -> 0 | E17: 0 | F17: 0 | G17: ='2'!H17 -> 0 | H17: =SUM(G17,F17) -> 0 | I17: =D17-E17 -> 0 | J17: =E17/F17 -> #DIV/0!
B18: ='2'!I18 -> 0 | D18: =C18+B18 -> 0 | G18: ='2'!H18 -> 0 | H18: =SUM(G18,F18) -> 0 | I18: =D18-E18 -> 0 | J18: =E18/F18 -> #DIV/0!
B19: ='2'!I19 -> 0 | D19: =C19+B19 -> 0 | G19: ='2'!H19 -> 0 | H19: =SUM(G19,F19) -> 0 | I19: =D19-E19 -> 0 | J19: =E19/F19 -> #DIV/0!
B20: ='2'!I20 -> 0 | D20: =C20+B20 -> 0 | G20: ='2'!H20 -> 0 | H20: =SUM(G20,F20) -> 0 | I20: =D20-E20 -> 0 | J20: =E20/F20 -> #DIV/0!
B21: ='2'!I21 -> 0 | D21: =C21+B21 -> 0 | G21: ='2'!H21 -> 0 | H21: =SUM(G21,F21) -> 0 | I21: =D21-E21 -> 0 | J21: =E21/F21 -> #DIV/0!
B22: ='2'!I22 -> 0 | D22: =C22+B22 -> 0 | G22: ='2'!H22 -> 0 | H22: =SUM(G22,F22) -> 0 | I22: =D22-E22 -> 0 | J22: =E22/F22 -> #DIV/0!
B23: ='2'!I23 -> 0 | D23: =C23+B23 -> 0 | G23: ='2'!H23 -> 0 | H23: =SUM(G23,F23) -> 0 | I23: =D23-E23 -> 0 | J23: =E23/F23 -> #DIV/0!
B24: ='2'!I24 -> 0 | D24: =C24+B24 -> 0 | G24: ='2'!H24 -> 0 | H24: =SUM(G24,F24) -> 0 | I24: =D24-E24 -> 0 | J24: =E24/F24 -> #DIV/0!
B25: ='2'!I25 -> 0 | D25: =C25+B25 -> 0 | G25: ='2'!H25 -> 0 | H25: =SUM(G25,F25) -> 0 | I25: =D25-E25 -> 0 | J25: =E25/F25 -> #DIV/0!
B26: ='2'!I26 -> 0 | D26: =C26+B26 -> 0 | G26: ='2'!H26 -> 0 | H26: =SUM(G26,F26) -> 0 | I26: =D26-E26 -> 0 | J26: =E26/F26 -> #DIV/0!
A27: Total HSD | C27: =SUM(C6:C26) -> 145 | D27: =SUM(D6:D26) -> 785 | E27: =SUM(E6:E26) -> 208 | F27: =SUM(F6:F26) -> 34 | I27: =SUM(I6:I26) -> 577
B29: Opening bal | C29: Received | D29: Total Balance | E29: TOP UP | F29: Total Consumption (Ltrs) | G29: Closing Balance. | H29: Remark If Any
A30: Rig Site Diesel | B30: ='2'!G30 -> 110 | C30: 800 | D30: =SUM(B30:C30) -> 910 | E30: =C27 -> 145 | F30: =E27 -> 208 | G30: =D30-E30 -> 765
A31: Rig Site -D.Water | B31: 0 | C31: 0 | D31: =SUM(B31,C31) -> 0 | E31: 0 | F31: 0 | G31: =D31-F31 -> 0
A33: Lubricants & Grease
A34: Lubricants Name | B34: Opening Bal | C34: Received | D34: Total | E34: Consumed | F34: Closing Balance. | G34: Remark
A35: ENGINE OIL 15W40 | B35: ='2'!F35 -> 107 | D35: =SUM(B35:C35) -> 107 | E35: 15 | F35: =D35-E35 -> 92 | G35: top up in R/C & M/P Engine.
A36: Hydraulic Oil-68 | B36: ='2'!F36 -> 420 | D36: =SUM(B36:C36) -> 420 | F36: =D36-E36 -> 420
A37: Gear Oil = 80-W-90 | B37: ='2'!F37 -> 320 | D37: =SUM(B37:C37) -> 320 | F37: =D37-E37 -> 320
A38: Transmission Oil-30 | B38: ='2'!F38 -> 105 | D38: =SUM(B38:C38) -> 105 | E38: 2 | F38: =D38-E38 -> 103 | G38: Used to charge drillometer.
A39: SAE-40 Compressor Oil | B39: ='2'!F39 -> 0 | D39: =SUM(B39:C39) -> 0 | F39: =D39-E39 -> 0
A40: REFINED OIL(FOR BCU) | B40: ='2'!F40 -> 0 | D40: =SUM(B40:C40) -> 0 | F40: =D40-E40 -> 0
A41: PREMIX 50-50 COOLANT | B41: ='2'!F41 -> 190 | D41: =SUM(B41:C41) -> 190 | F41: =D41-E41 -> 190
A42: DOPE AS PER API IN KG | B42: ='2'!F42 -> 0 | D42: =SUM(B42:C42) -> 0 | F42: =D42-E42 -> 0
A43: Grease M.P IN KG | B43: ='2'!F43 -> 20 | D43: =SUM(B43:C43) -> 20 | F43: =D43-E43 -> 20
A44: Corona-68 Oil (ULTRA COOLANT) | B44: ='2'!F44 -> 0 | D44: =SUM(B44:C44) -> 0 | F44: =D44-E44 -> 0
A45: Drillo Meter Charging Oil | B45: ='2'!F45 -> 0 | D45: =SUM(B45:C45) -> 0 | F45: =D45-E45 -> 0
A46: BURNT OIL | B46: ='2'!F46 -> 0 | D46: =SUM(B46:C46) -> 0 | F46: =D46-E46 -> 0
A48: Name | B48: Opening Bal. Full Cyl | C48: Received Full Cyl. | D48: Running at site | E48: Empty at Site | F48: Total Cyl at Site | G48: Return to Party | H48: Bal. at Site | I48: Remark
A49: O2 Cyl. | B49: 0 | C49: 0 | D49: 0 | E49: 0 | F49: 0 | G49: 0 | H49: 0
A50: DA Cyl. | B50: 0 | C50: 0 | D50: 0 | E50: 0 | F50: 0 | G50: 0 | H50: 0
A51: N2 | B51: 0 | C51: 0 | D51: 0 | E51: 0 | F51: 0 | G51: 0 | H51: 0

Sheet 4
A1: OPERATION WORKING SHORT DPR
A2: RIG Name :- | B2: GTC-100-1 | G2: Date :- | H2: 46238
A3: Well No :- | B3: GND#592 | C3: R1 | D3: R2 | E3: R3 | F3: ILM | G3: TOTAL
C4: 12.5 | D4: 9 | E4: 2.5 | F4: 0 | G4: =SUM(C4,D4,E4,F4) -> 24
A5: Equipments | B5: Opening Stock HSD | C5: Top-up HSD | D5: Total HSD | E5: Total Consu. HSD | F5: Total Consu. HRS | G5: Opening Running HRS | H5: Closing HRS | I5: Closing Stock HSD | J5: Average | K5: Remark If Any
A6: Rig Carrier CAT (C9) | B6: ='3'!I6 -> 198 | C6: 150 | D6: =B6+C6 -> 348 | E6: 110 | F6: 18 | G6: ='3'!H6 -> 25156.5 | H6: =SUM(G6,F6) -> 25174.5 | I6: =D6-E6 -> 238 | J6: =E6/F6 -> 6.1111111
A7: Mud Pump (Cummins) | B7: ='3'!I7 -> 176 | C7: 0 | D7: =B7+C7 -> 176 | E7: 75 | F7: 6 | G7: ='3'!H7 -> 1467 | H7: =SUM(G7,F7) -> 1473 | I7: =D7-E7 -> 101 | J7: =E7/F7 -> 12.5
A8: DG-1 E622CDJC204733G (125 KVA) | B8: ='3'!I8 -> 32 | C8: 150 | D8: =B8+C8 -> 182 | E8: 70 | F8: 12 | G8: ='3'!H8 -> 1265 | H8: =SUM(G8,F8) -> 1277 | I8: =D8-E8 -> 112 | J8: =E8/F8 -> 5.8333333
A9: DG-2 E622CDJF215149G ( 125 KVA ) | B9: ='3'!I9 -> 119 | C9: 50 | D9: =B9+C9 -> 169 | E9: 74 | F9: 12 | G9: ='3'!H9 -> 3198 | H9: =SUM(G9,F9) -> 3210 | I9: =D9-E9 -> 95 | J9: =E9/F9 -> 6.1666667
A10: DG- 3 (Ashok Leyland) (25 KVA) | B10: ='3'!I10 -> 26 | C10: 0 | D10: =B10+C10 -> 26 | E10: 0 | F10: 0 | G10: ='3'!H10 -> 97 | H10: =SUM(G10,F10) -> 97 | I10: =D10-E10 -> 26 | J10: =E10/F10 -> #DIV/0!
A11: Electrical Air Compressor (Kirloskar) | B11: ='3'!I11 -> 0 | C11: 0 | D11: =B11+C11 -> 0 | E11: 0 | F11: 0 | G11: ='3'!H11 -> 0 | H11: =SUM(G11,F11) -> 0 | I11: =D11-E11 -> 0 | J11: =E11/F11 -> #DIV/0!
A12: Fire Pump (Kirloskar) | B12: ='3'!I12 -> 26 | C12: 0 | D12: =B12+C12 -> 26 | E12: 3 | F12: 1 | G12: ='3'!H12 -> 8 | H12: =SUM(G12,F12) -> 9 | I12: =D12-E12 -> 23 | J12: =E12/F12 -> 3
A13: Water Tanker (GJ-08 v - 2430) | B13: ='3'!I13 -> 0 | C13: 0 | D13: =B13+C13 -> 0 | E13: 0 | F13: 0 | G13: ='3'!H13 -> 0 | H13: =SUM(G13,F13) -> 0 | I13: =D13-E13 -> 0 | J13: =E13/F13 -> #DIV/0!
A14: Water Tanker (GJ-18 AZ 1825) | B14: ='3'!I14 -> 0 | C14: 0 | D14: =B14+C14 -> 0 | E14: 0 | F14: 0 | G14: ='3'!H14 -> 0 | H14: =SUM(G14,F14) -> 0 | I14: =D14-E14 -> 0 | J14: =E14/F14 -> #DIV/0!
A15: WATER TANKER ( GJ-01-BY-5368) | B15: ='3'!I15 -> 0 | C15: 0 | D15: =C15+B15 -> 0 | E15: 0 | F15: 0 | G15: ='3'!H15 -> 0 | H15: =SUM(G15,F15) -> 0 | I15: =D15-E15 -> 0 | J15: =E15/F15 -> #DIV/0!
A16: OTHERS (CLEANING & SERVICING) | B16: ='3'!I16 -> 0 | C16: 0 | D16: =C16+B16 -> 0 | E16: 0 | F16: 0 | G16: ='3'!H16 -> 0 | H16: =SUM(G16,F16) -> 0 | I16: =D16-E16 -> 0 | J16: =E16/F16 -> #DIV/0!
A17: TRANSFERRED | B17: ='3'!I17 -> 0 | C17: 0 | D17: =C17+B17 -> 0 | E17: 0 | F17: 0 | G17: ='3'!H17 -> 0 | H17: =SUM(G17,F17) -> 0 | I17: =D17-E17 -> 0 | J17: =E17/F17 -> #DIV/0!
B18: ='3'!I18 -> 0 | D18: =C18+B18 -> 0 | E18: 0 | G18: ='3'!H18 -> 0 | H18: =SUM(G18,F18) -> 0 | I18: =D18-E18 -> 0 | J18: =E18/F18 -> #DIV/0!
B19: ='3'!I19 -> 0 | D19: =C19+B19 -> 0 | E19: 0 | G19: ='3'!H19 -> 0 | H19: =SUM(G19,F19) -> 0 | I19: =D19-E19 -> 0 | J19: =E19/F19 -> #DIV/0!
B20: ='3'!I20 -> 0 | D20: =C20+B20 -> 0 | E20: 0 | G20: ='3'!H20 -> 0 | H20: =SUM(G20,F20) -> 0 | I20: =D20-E20 -> 0 | J20: =E20/F20 -> #DIV/0!
B21: ='3'!I21 -> 0 | D21: =C21+B21 -> 0 | E21: 0 | G21: ='3'!H21 -> 0 | H21: =SUM(G21,F21) -> 0 | I21: =D21-E21 -> 0 | J21: =E21/F21 -> #DIV/0!
B22: ='3'!I22 -> 0 | D22: =C22+B22 -> 0 | E22: 0 | G22: ='3'!H22 -> 0 | H22: =SUM(G22,F22) -> 0 | I22: =D22-E22 -> 0 | J22: =E22/F22 -> #DIV/0!
B23: ='3'!I23 -> 0 | D23: =C23+B23 -> 0 | E23: 0 | G23: ='3'!H23 -> 0 | H23: =SUM(G23,F23) -> 0 | I23: =D23-E23 -> 0 | J23: =E23/F23 -> #DIV/0!
B24: ='3'!I24 -> 0 | D24: =C24+B24 -> 0 | E24: 0 | G24: ='3'!H24 -> 0 | H24: =SUM(G24,F24) -> 0 | I24: =D24-E24 -> 0 | J24: =E24/F24 -> #DIV/0!
B25: ='3'!I25 -> 0 | D25: =C25+B25 -> 0 | E25: 0 | G25: ='3'!H25 -> 0 | H25: =SUM(G25,F25) -> 0 | I25: =D25-E25 -> 0 | J25: =E25/F25 -> #DIV/0!
B26: ='3'!I26 -> 0 | D26: =C26+B26 -> 0 | E26: 0 | G26: ='3'!H26 -> 0 | H26: =SUM(G26,F26) -> 0 | I26: =D26-E26 -> 0 | J26: =E26/F26 -> #DIV/0!
A27: Total HSD | C27: =SUM(C6:C26) -> 350 | D27: =SUM(D6:D26) -> 927 | E27: =SUM(E6:E26) -> 332 | F27: =SUM(F6:F26) -> 49 | I27: =SUM(I6:I26) -> 595
B29: Opening bal | C29: Received | D29: Total Balance | E29: TOP UP | F29: Total Consumption (Ltrs) | G29: Closing Balance. | H29: Remark If Any
A30: Rig Site Diesel | B30: ='3'!G30 -> 765 | C30: 0 | D30: =SUM(B30:C30) -> 765 | E30: =C27 -> 350 | F30: =E27 -> 332 | G30: =D30-E30 -> 415
A31: Rig Site -D.Water | B31: 0 | C31: 0 | D31: =SUM(B31,C31) -> 0 | E31: 0 | F31: 0 | G31: =D31-F31 -> 0
A33: Lubricants & Grease
A34: Lubricants Name | B34: Opening Bal | C34: Received | D34: Total | E34: Consumed | F34: Closing Balance. | G34: Remark
A35: ENGINE OIL 15W40 | B35: ='3'!F35 -> 92 | D35: =SUM(B35:C35) -> 92 | F35: =D35-E35 -> 92
A36: Hydraulic Oil-68 | B36: ='3'!F36 -> 420 | D36: =SUM(B36:C36) -> 420 | F36: =D36-E36 -> 420
A37: Gear Oil = 80-W-90 | B37: ='3'!F37 -> 320 | D37: =SUM(B37:C37) -> 320 | F37: =D37-E37 -> 320
A38: Transmission Oil-30 | B38: ='3'!F38 -> 103 | D38: =SUM(B38:C38) -> 103 | F38: =D38-E38 -> 103
A39: SAE-40 Compressor Oil | B39: ='3'!F39 -> 0 | D39: =SUM(B39:C39) -> 0 | F39: =D39-E39 -> 0
A40: REFINED OIL(FOR BCU) | B40: ='3'!F40 -> 0 | D40: =SUM(B40:C40) -> 0 | F40: =D40-E40 -> 0
A41: PREMIX 50-50 COOLANT | B41: ='3'!F41 -> 190 | D41: =SUM(B41:C41) -> 190 | E41: 20 | F41: =D41-E41 -> 170 | G41: TOP UP IN DG-1.
A42: DOPE AS PER API IN KG | B42: ='3'!F42 -> 0 | D42: =SUM(B42:C42) -> 0 | F42: =D42-E42 -> 0
A43: Grease M.P IN KG | B43: ='3'!F43 -> 20 | D43: =SUM(B43:C43) -> 20 | F43: =D43-E43 -> 20
A44: Corona-68 Oil (ULTRA COOLANT) | B44: ='3'!F44 -> 0 | D44: =SUM(B44:C44) -> 0 | F44: =D44-E44 -> 0
A45: Drillo Meter Charging Oil | B45: ='3'!F45 -> 0 | D45: =SUM(B45:C45) -> 0 | F45: =D45-E45 -> 0
A46: BURNT OIL | B46: ='3'!F46 -> 0 | D46: =SUM(B46:C46) -> 0 | F46: =D46-E46 -> 0
A48: Name | B48: Opening Bal. Full Cyl | C48: Received Full Cyl. | D48: Running at site | E48: Empty at Site | F48: Total Cyl at Site | G48: Return to Party | H48: Bal. at Site | I48: Remark
A49: O2 Cyl. | B49: 0 | C49: 0 | D49: 0 | E49: 0 | F49: 0 | G49: 0 | H49: 0
A50: DA Cyl. | B50: 0 | C50: 0 | D50: 0 | E50: 0 | F50: 0 | G50: 0 | H50: 0
A51: N2 | B51: 0 | C51: 0 | D51: 0 | E51: 0 | F51: 0 | G51: 0 | H51: 0

Sheet 5
A1: OPERATION WORKING SHORT DPR
A2: RIG Name :- | B2: GTC-100-1 | G2: Date :- | H2: 46239
A3: Well No :- | B3: GND#592 | C3: R1 | D3: R2 | E3: R3 | F3: ILM | G3: TOTAL
C4: 13.5 | D4: 10.5 | E4: 0 | F4: 0 | G4: =SUM(C4,D4,E4,F4) -> 24
A5: Equipments | B5: Opening Stock HSD | C5: Top-up HSD | D5: Total HSD | E5: Total Consu. HSD | F5: Total Consu. HRS | G5: Opening Running HRS | H5: Closing HRS | I5: Closing Stock HSD | J5: Average | K5: Remark If Any
A6: Rig Carrier CAT (C9) | B6: ='4'!I6 -> 238 | C6: 200 | D6: =B6+C6 -> 438 | E6: 105 | F6: 15 | G6: ='4'!H6 -> 25174.5 | H6: =SUM(G6,F6) -> 25189.5 | I6: =D6-E6 -> 333 | J6: =E6/F6 -> 7
A7: Mud Pump (Cummins) | B7: ='4'!I7 -> 101 | C7: 200 | D7: =B7+C7 -> 301 | E7: 0 | F7: 0 | G7: ='4'!H7 -> 1473 | H7: =SUM(G7,F7) -> 1473 | I7: =D7-E7 -> 301 | J7: =E7/F7 -> #DIV/0!
A8: DG-1 E622CDJC204733G (125 KVA) | B8: ='4'!I8 -> 112 | C8: 150 | D8: =B8+C8 -> 262 | E8: 148 | F8: 24 | G8: ='4'!H8 -> 1277 | H8: =SUM(G8,F8) -> 1301 | I8: =D8-E8 -> 114 | J8: =E8/F8 -> 6.1666667
A9: DG-2 E622CDJF215149G ( 125 KVA ) | B9: ='4'!I9 -> 95 | C9: 30 | D9: =B9+C9 -> 125 | E9: 0 | F9: 0 | G9: ='4'!H9 -> 3210 | H9: =SUM(G9,F9) -> 3210 | I9: =D9-E9 -> 125 | J9: =E9/F9 -> #DIV/0!
A10: DG- 3 (Ashok Leyland) (25 KVA) | B10: ='4'!I10 -> 26 | C10: 0 | D10: =B10+C10 -> 26 | E10: 0 | F10: 0 | G10: ='4'!H10 -> 97 | H10: =SUM(G10,F10) -> 97 | I10: =D10-E10 -> 26 | J10: =E10/F10 -> #DIV/0!
A11: DG-4 (Ashok Leyland) Lighting Tower | B11: ='4'!#REF! -> #REF! | C11: 0 | D11: =B11+C11 -> #REF! | G11: ='4'!#REF! -> #REF! | H11: =SUM(G11,F11) -> #REF! | I11: =D11-E11 -> #REF! | J11: =E11/F11 -> #DIV/0!
A12: Electrical Air Compressor (Kirloskar) | B12: ='4'!I11 -> 0 | C12: 0 | D12: =B12+C12 -> 0 | E12: 0 | F12: 0 | G12: ='4'!H11 -> 0 | H12: =SUM(G12,F12) -> 0 | I12: =D12-E12 -> 0 | J12: =E12/F12 -> #DIV/0!
A13: Fire Pump (Kirloskar) | B13: ='4'!I12 -> 23 | C13: 0 | D13: =B13+C13 -> 23 | E13: 0 | F13: 0 | G13: ='4'!H12 -> 9 | H13: =SUM(G13,F13) -> 9 | I13: =D13-E13 -> 23 | J13: =E13/F13 -> #DIV/0!
A14: Water Tanker (GJ-08 v - 2430) | B14: ='4'!I13 -> 0 | C14: 0 | D14: =B14+C14 -> 0 | E14: 0 | F14: 0 | G14: ='4'!H13 -> 0 | H14: =SUM(G14,F14) -> 0 | I14: =D14-E14 -> 0 | J14: =E14/F14 -> #DIV/0!
A15: Water Tanker (GJ-18 AZ 1825) | B15: ='4'!I14 -> 0 | C15: 0 | D15: =B15+C15 -> 0 | E15: 0 | F15: 0 | G15: ='4'!H14 -> 0 | H15: =SUM(G15,F15) -> 0 | I15: =D15-E15 -> 0 | J15: =E15/F15 -> #DIV/0!
A16: WATER TANKER ( GJ-01-BY-5368) | B16: ='4'!I15 -> 0 | C16: 0 | D16: =C16+B16 -> 0 | E16: 0 | F16: 0 | G16: ='4'!H15 -> 0 | H16: =SUM(G16,F16) -> 0 | I16: =D16-E16 -> 0 | J16: =E16/F16 -> #DIV/0!
A17: OTHERS (CLEANING & SERVICING) | B17: ='4'!I16 -> 0 | C17: 0 | D17: =C17+B17 -> 0 | E17: 0 | F17: 0 | G17: ='4'!H16 -> 0 | H17: =SUM(G17,F17) -> 0 | I17: =D17-E17 -> 0 | J17: =E17/F17 -> #DIV/0!
A18: TRANSFERRED | B18: ='4'!I17 -> 0 | C18: 0 | D18: =C18+B18 -> 0 | E18: 0 | F18: 0 | G18: ='4'!H17 -> 0 | H18: =SUM(G18,F18) -> 0 | I18: =D18-E18 -> 0 | J18: =E18/F18 -> #DIV/0!
B19: ='4'!I18 -> 0 | C19: 0 | D19: =C19+B19 -> 0 | G19: ='4'!H18 -> 0 | H19: =SUM(G19,F19) -> 0 | I19: =D19-E19 -> 0 | J19: =E19/F19 -> #DIV/0!
B20: ='4'!I19 -> 0 | C20: 0 | D20: =C20+B20 -> 0 | G20: ='4'!H19 -> 0 | H20: =SUM(G20,F20) -> 0 | I20: =D20-E20 -> 0 | J20: =E20/F20 -> #DIV/0!
B21: ='4'!I20 -> 0 | C21: 0 | D21: =C21+B21 -> 0 | G21: ='4'!H20 -> 0 | H21: =SUM(G21,F21) -> 0 | I21: =D21-E21 -> 0 | J21: =E21/F21 -> #DIV/0!
B22: ='4'!I21 -> 0 | C22: 0 | D22: =C22+B22 -> 0 | G22: ='4'!H21 -> 0 | H22: =SUM(G22,F22) -> 0 | I22: =D22-E22 -> 0 | J22: =E22/F22 -> #DIV/0!
B23: ='4'!I22 -> 0 | C23: 0 | D23: =C23+B23 -> 0 | G23: ='4'!H22 -> 0 | H23: =SUM(G23,F23) -> 0 | I23: =D23-E23 -> 0 | J23: =E23/F23 -> #DIV/0!
B24: ='4'!I23 -> 0 | C24: 0 | D24: =C24+B24 -> 0 | G24: ='4'!H23 -> 0 | H24: =SUM(G24,F24) -> 0 | I24: =D24-E24 -> 0 | J24: =E24/F24 -> #DIV/0!
B25: ='4'!I24 -> 0 | C25: 0 | D25: =C25+B25 -> 0 | G25: ='4'!H24 -> 0 | H25: =SUM(G25,F25) -> 0 | I25: =D25-E25 -> 0 | J25: =E25/F25 -> #DIV/0!
B26: ='4'!I25 -> 0 | C26: 0 | D26: =C26+B26 -> 0 | G26: ='4'!H25 -> 0 | H26: =SUM(G26,F26) -> 0 | I26: =D26-E26 -> 0 | J26: =E26/F26 -> #DIV/0!
B27: ='4'!I26 -> 0 | C27: 0 | D27: =C27+B27 -> 0 | G27: ='4'!H26 -> 0 | H27: =SUM(G27,F27) -> 0 | I27: =D27-E27 -> 0 | J27: =E27/F27 -> #DIV/0!
A28: Total HSD | C28: =SUM(C6:C27) -> 580 | D28: =SUM(D6:D27) -> #REF! | E28: =SUM(E6:E27) -> 253 | F28: =SUM(F6:F27) -> 39 | I28: =SUM(I6:I27) -> #REF!
B30: Opening bal | C30: Received | D30: Total Balance | E30: TOP UP | F30: Total Consumption (Ltrs) | G30: Closing Balance. | H30: Remark If Any
A31: Rig Site Diesel | B31: ='4'!G30 -> 415 | C31: 800 | D31: =SUM(B31:C31) -> 1215 | E31: =C28 -> 580 | F31: =E28 -> 253 | G31: =D31-E31 -> 635
A32: Rig Site -D.Water | B32: 0 | C32: 0 | D32: =SUM(B32,C32) -> 0 | E32: 0 | F32: 0 | G32: =D32-F32 -> 0
A34: Lubricants & Grease
A35: Lubricants Name | B35: Opening Bal | C35: Received | D35: Total | E35: Consumed | F35: Closing Balance. | G35: Remark
A36: ENGINE OIL 15W40 | B36: ='4'!F35 -> 92 | D36: =SUM(B36:C36) -> 92 | F36: =D36-E36 -> 92
A37: Hydraulic Oil-68 | B37: ='4'!F36 -> 420 | D37: =SUM(B37:C37) -> 420 | F37: =D37-E37 -> 420
A38: Gear Oil = 80-W-90 | B38: ='4'!F37 -> 320 | D38: =SUM(B38:C38) -> 320 | E38: 20 | F38: =D38-E38 -> 300 | G38: ADDED IN DROWORKS CHAIN COVER
A39: Transmission Oil-30 | B39: ='4'!F38 -> 103 | D39: =SUM(B39:C39) -> 103 | E39: 5 | F39: =D39-E39 -> 98 | G39: TOP UP IN RIG ALISSION.
A40: SAE-40 Compressor Oil | B40: ='4'!F39 -> 0 | D40: =SUM(B40:C40) -> 0 | F40: =D40-E40 -> 0
A41: REFINED OIL(FOR BCU) | B41: ='4'!F40 -> 0 | D41: =SUM(B41:C41) -> 0 | F41: =D41-E41 -> 0
A42: PREMIX 50-50 COOLANT | B42: ='4'!F41 -> 170 | D42: =SUM(B42:C42) -> 170 | F42: =D42-E42 -> 170
A43: DOPE AS PER API IN KG | B43: ='4'!F42 -> 0 | D43: =SUM(B43:C43) -> 0 | F43: =D43-E43 -> 0
A44: Grease M.P IN KG | B44: ='4'!F43 -> 20 | D44: =SUM(B44:C44) -> 20 | F44: =D44-E44 -> 20
A45: Corona-68 Oil (ULTRA COOLANT) | B45: ='4'!F44 -> 0 | D45: =SUM(B45:C45) -> 0 | F45: =D45-E45 -> 0
A46: Drillo Meter Charging Oil | B46: ='4'!F45 -> 0 | D46: =SUM(B46:C46) -> 0 | F46: =D46-E46 -> 0
A47: BURNT OIL | B47: ='4'!F46 -> 0 | D47: =SUM(B47:C47) -> 0 | F47: =D47-E47 -> 0
A49: Name | B49: Opening Bal. Full Cyl | C49: Received Full Cyl. | D49: Running at site | E49: Empty at Site | F49: Total Cyl at Site | G49: Return to Party | H49: Bal. at Site | I49: Remark
A50: O2 Cyl. | B50: 0 | C50: 0 | D50: 0 | E50: 0 | F50: 0 | G50: 0 | H50: 0
A51: DA Cyl. | B51: 0 | C51: 0 | D51: 0 | E51: 0 | F51: 0 | G51: 0 | H51: 0
A52: N2 | B52: 0 | C52: 0 | D52: 0 | E52: 0 | F52: 0 | G52: 0 | H52: 0

Sheet 6
A1: OPERATION WORKING SHORT DPR
A2: RIG Name :- | B2: GTC-100-1 | G2: Date :- | H2: 46240
A3: Well No :- | B3: GND#592 | C3: R1 | D3: R2 | E3: R3 | F3: ILM | G3: TOTAL
C4: 0 | D4: 1 | E4: 23 | F4: 0 | G4: =SUM(C4,D4,E4,F4) -> 24
A5: Equipments | B5: Opening Stock HSD | C5: Top-up HSD | D5: Total HSD | E5: Total Consu. HSD | F5: Total Consu. HRS | G5: Opening Running HRS | H5: Closing HRS | I5: Closing Stock HSD | J5: Average | K5: Remark If Any
A6: Rig Carrier CAT (C9) | B6: ='5'!I6 -> 333 | C6: 0 | D6: =B6+C6 -> 333 | E6: 12 | F6: 2 | G6: ='5'!H6 -> 25189.5 | H6: =SUM(G6,F6) -> 25191.5 | I6: =D6-E6 -> 321 | J6: =E6/F6 -> 6
A7: Mud Pump (Cummins) | B7: ='5'!I7 -> 301 | C7: 0 | D7: =B7+C7 -> 301 | E7: 0 | F7: 0 | G7: ='5'!H7 -> 1473 | H7: =SUM(G7,F7) -> 1473 | I7: =D7-E7 -> 301 | J7: =E7/F7 -> #DIV/0!
A8: DG-1 E622CDJC204733G (125 KVA) | B8: ='5'!I8 -> 114 | C8: 0 | D8: =B8+C8 -> 114 | E8: 0 | F8: 0 | G8: ='5'!H8 -> 1301 | H8: =SUM(G8,F8) -> 1301 | I8: =D8-E8 -> 114 | J8: =E8/F8 -> #DIV/0!
A9: DG-2 E622CDJF215149G ( 125 KVA ) | B9: ='5'!I9 -> 125 | C9: 130 | D9: =B9+C9 -> 255 | E9: 155 | F9: 24 | G9: ='5'!H9 -> 3210 | H9: =SUM(G9,F9) -> 3234 | I9: =D9-E9 -> 100 | J9: =E9/F9 -> 6.4583333
A10: DG- 3 (Ashok Leyland) (25 KVA) | B10: ='5'!I10 -> 26 | C10: 0 | D10: =B10+C10 -> 26 | E10: 0 | F10: 0 | G10: ='5'!H10 -> 97 | H10: =SUM(G10,F10) -> 97 | I10: =D10-E10 -> 26 | J10: =E10/F10 -> #DIV/0!
A11: Electrical Air Compressor (Kirloskar) | B11: ='5'!I12 -> 0 | C11: 0 | D11: =B11+C11 -> 0 | E11: 0 | F11: 0 | G11: ='5'!H12 -> 0 | H11: =SUM(G11,F11) -> 0 | I11: =D11-E11 -> 0 | J11: =E11/F11 -> #DIV/0!
A12: Fire Pump (Kirloskar) | B12: ='5'!I13 -> 23 | C12: 0 | D12: =B12+C12 -> 23 | E12: 0 | F12: 0 | G12: ='5'!H13 -> 9 | H12: =SUM(G12,F12) -> 9 | I12: =D12-E12 -> 23 | J12: =E12/F12 -> #DIV/0!
A13: Water Tanker (GJ-08 v - 2430) | B13: ='5'!I14 -> 0 | C13: 0 | D13: =B13+C13 -> 0 | E13: 0 | F13: 0 | G13: ='5'!H14 -> 0 | H13: =SUM(G13,F13) -> 0 | I13: =D13-E13 -> 0 | J13: =E13/F13 -> #DIV/0!
A14: Water Tanker (GJ-18 AZ 1825) | B14: ='5'!I15 -> 0 | C14: 0 | D14: =B14+C14 -> 0 | E14: 0 | F14: 0 | G14: ='5'!H15 -> 0 | H14: =SUM(G14,F14) -> 0 | I14: =D14-E14 -> 0 | J14: =E14/F14 -> #DIV/0!
A15: WATER TANKER ( GJ-01-BY-5368) | B15: ='5'!I16 -> 0 | C15: 0 | D15: =C15+B15 -> 0 | E15: 0 | F15: 0 | G15: ='5'!H16 -> 0 | H15: =SUM(G15,F15) -> 0 | I15: =D15-E15 -> 0 | J15: =E15/F15 -> #DIV/0!
A16: OTHERS (CLEANING & SERVICING) | B16: ='5'!I17 -> 0 | C16: 0 | D16: =C16+B16 -> 0 | E16: 0 | F16: 0 | G16: ='5'!H17 -> 0 | H16: =SUM(G16,F16) -> 0 | I16: =D16-E16 -> 0 | J16: =E16/F16 -> #DIV/0!
A17: TRANSFERRED | B17: ='5'!I18 -> 0 | C17: 0 | D17: =C17+B17 -> 0 | E17: 0 | F17: 0 | G17: ='5'!H18 -> 0 | H17: =SUM(G17,F17) -> 0 | I17: =D17-E17 -> 0 | J17: =E17/F17 -> #DIV/0!
B18: ='5'!I19 -> 0 | C18: 0 | D18: =C18+B18 -> 0 | F18: 0 | G18: ='5'!H19 -> 0 | H18: =SUM(G18,F18) -> 0 | I18: =D18-E18 -> 0 | J18: =E18/F18 -> #DIV/0!
B19: ='5'!I20 -> 0 | C19: 0 | D19: =C19+B19 -> 0 | F19: 0 | G19: ='5'!H20 -> 0 | H19: =SUM(G19,F19) -> 0 | I19: =D19-E19 -> 0 | J19: =E19/F19 -> #DIV/0!
B20: ='5'!I21 -> 0 | C20: 0 | D20: =C20+B20 -> 0 | F20: 0 | G20: ='5'!H21 -> 0 | H20: =SUM(G20,F20) -> 0 | I20: =D20-E20 -> 0 | J20: =E20/F20 -> #DIV/0!
B21: ='5'!I22 -> 0 | C21: 0 | D21: =C21+B21 -> 0 | F21: 0 | G21: ='5'!H22 -> 0 | H21: =SUM(G21,F21) -> 0 | I21: =D21-E21 -> 0 | J21: =E21/F21 -> #DIV/0!
B22: ='5'!I23 -> 0 | C22: 0 | D22: =C22+B22 -> 0 | F22: 0 | G22: ='5'!H23 -> 0 | H22: =SUM(G22,F22) -> 0 | I22: =D22-E22 -> 0 | J22: =E22/F22 -> #DIV/0!
B23: ='5'!I24 -> 0 | C23: 0 | D23: =C23+B23 -> 0 | F23: 0 | G23: ='5'!H24 -> 0 | H23: =SUM(G23,F23) -> 0 | I23: =D23-E23 -> 0 | J23: =E23/F23 -> #DIV/0!
B24: ='5'!I25 -> 0 | C24: 0 | D24: =C24+B24 -> 0 | F24: 0 | G24: ='5'!H25 -> 0 | H24: =SUM(G24,F24) -> 0 | I24: =D24-E24 -> 0 | J24: =E24/F24 -> #DIV/0!
B25: ='5'!I26 -> 0 | C25: 0 | D25: =C25+B25 -> 0 | F25: 0 | G25: ='5'!H26 -> 0 | H25: =SUM(G25,F25) -> 0 | I25: =D25-E25 -> 0 | J25: =E25/F25 -> #DIV/0!
B26: ='5'!I27 -> 0 | C26: 0 | D26: =C26+B26 -> 0 | F26: 0 | G26: ='5'!H27 -> 0 | H26: =SUM(G26,F26) -> 0 | I26: =D26-E26 -> 0 | J26: =E26/F26 -> #DIV/0!
A27: Total HSD | C27: =SUM(C6:C26) -> 130 | D27: =SUM(D6:D26) -> 1052 | E27: =SUM(E6:E26) -> 167 | F27: =SUM(F6:F26) -> 26 | I27: =SUM(I6:I26) -> 885
B29: Opening bal | C29: Received | D29: Total Balance | E29: TOP UP | F29: Total Consumption (Ltrs) | G29: Closing Balance. | H29: Remark If Any
A30: Rig Site Diesel | B30: ='5'!G31 -> 635 | C30: 0 | D30: =SUM(B30:C30) -> 635 | E30: =C27 -> 130 | F30: =E27 -> 167 | G30: =D30-E30 -> 505
A31: Rig Site -D.Water | B31: 0 | C31: 0 | D31: =SUM(B31,C31) -> 0 | E31: 0 | F31: 0 | G31: =D31-F31 -> 0
A33: Lubricants & Grease
A34: Lubricants Name | B34: Opening Bal | C34: Received | D34: Total | E34: Consumed | F34: Closing Balance. | G34: Remark
A35: ENGINE OIL 15W40 | B35: ='5'!F36 -> 92 | D35: =SUM(B35:C35) -> 92 | F35: =D35-E35 -> 92
A36: Hydraulic Oil-68 | B36: ='5'!F37 -> 420 | D36: =SUM(B36:C36) -> 420 | F36: =D36-E36 -> 420
A37: Gear Oil = 80-W-90 | B37: ='5'!F38 -> 300 | D37: =SUM(B37:C37) -> 300 | E37: 30 | F37: =D37-E37 -> 270 | G37: TOP UP IN RIGHT ANGLE PTO AND DRAWORKS BOX.
A38: Transmission Oil-30 | B38: ='5'!F39 -> 98 | D38: =SUM(B38:C38) -> 98 | F38: =D38-E38 -> 98
A39: SAE-40 Compressor Oil | B39: ='5'!F40 -> 0 | D39: =SUM(B39:C39) -> 0 | F39: =D39-E39 -> 0
A40: REFINED OIL(FOR BCU) | B40: ='5'!F41 -> 0 | D40: =SUM(B40:C40) -> 0 | F40: =D40-E40 -> 0
A41: PREMIX 50-50 COOLANT | B41: ='5'!F42 -> 170 | D41: =SUM(B41:C41) -> 170 | F41: =D41-E41 -> 170
A42: DOPE AS PER API IN KG | B42: ='5'!F43 -> 0 | D42: =SUM(B42:C42) -> 0 | F42: =D42-E42 -> 0
A43: Grease M.P IN KG | B43: ='5'!F44 -> 20 | D43: =SUM(B43:C43) -> 20 | E43: 5 | F43: =D43-E43 -> 15 | G43: USED TO GREASING.
A44: Corona-68 Oil (ULTRA COOLANT) | B44: ='5'!F45 -> 0 | D44: =SUM(B44:C44) -> 0 | F44: =D44-E44 -> 0
A45: Drillo Meter Charging Oil | B45: ='5'!F46 -> 0 | D45: =SUM(B45:C45) -> 0 | F45: =D45-E45 -> 0
A46: BURNT OIL | B46: ='5'!F47 -> 0 | D46: =SUM(B46:C46) -> 0 | F46: =D46-E46 -> 0
A48: Name | B48: Opening Bal. Full Cyl | C48: Received Full Cyl. | D48: Running at site | E48: Empty at Site | F48: Total Cyl at Site | G48: Return to Party | H48: Bal. at Site | I48: Remark
A49: O2 Cyl. | B49: 0 | C49: 0 | D49: 0 | E49: 0 | F49: 0 | G49: 0 | H49: 0
A50: DA Cyl. | B50: 0 | C50: 0 | D50: 0 | E50: 0 | F50: 0 | G50: 0 | H50: 0
A51: N2 | B51: 0 | C51: 0 | D51: 0 | E51: 0 | F51: 0 | G51: 0 | H51: 0

Sheet 7
A1: OPERATION WORKING SHORT DPR
A2: RIG Name :- | B2: GTC-100-1 | G2: Date :- | H2: 46241
A3: Well No :- | B3: GND#592 | C3: R1 | D3: R2 | E3: R3 | F3: ILM | G3: TOTAL
C4: 19.5 | D4: 1 | E4: 3.5 | F4: 0 | G4: =SUM(C4,D4,E4,F4) -> 24
A5: Equipments | B5: Opening Stock HSD | C5: Top-up HSD | D5: Total HSD | E5: Total Consu. HSD | F5: Total Consu. HRS | G5: Opening Running HRS | H5: Closing HRS | I5: Closing Stock HSD | J5: Average | K5: Remark If Any
A6: Rig Carrier CAT (C9) | B6: ='6'!I6 -> 321 | C6: 50 | D6: =B6+C6 -> 371 | E6: 130 | F6: 20.5 | G6: ='6'!H6 -> 25191.5 | H6: =SUM(G6,F6) -> 25212 | I6: =D6-E6 -> 241 | J6: =E6/F6 -> 6.3414634
A7: Mud Pump (Cummins) | B7: ='6'!I7 -> 301 | C7: 0 | D7: =B7+C7 -> 301 | E7: 60 | F7: 3.5 | G7: ='6'!H7 -> 1473 | H7: =SUM(G7,F7) -> 1476.5 | I7: =D7-E7 -> 241 | J7: =E7/F7 -> 17.142857
A8: DG-1 E622CDJC204733G (125 KVA) | B8: ='6'!I8 -> 114 | C8: 130 | D8: =B8+C8 -> 244 | E8: 148 | F8: 24 | G8: ='6'!H8 -> 1301 | H8: =SUM(G8,F8) -> 1325 | I8: =D8-E8 -> 96 | J8: =E8/F8 -> 6.1666667
A9: DG-2 E622CDJF215149G ( 125 KVA ) | B9: ='6'!I9 -> 100 | C9: 40 | D9: =B9+C9 -> 140 | E9: 0 | F9: 0 | G9: ='6'!H9 -> 3234 | H9: =SUM(G9,F9) -> 3234 | I9: =D9-E9 -> 140 | J9: =E9/F9 -> #DIV/0!
A10: DG- 3 (Ashok Leyland) (25 KVA) | B10: ='6'!I10 -> 26 | C10: 0 | D10: =B10+C10 -> 26 | E10: 0 | F10: 0 | G10: ='6'!H10 -> 97 | H10: =SUM(G10,F10) -> 97 | I10: =D10-E10 -> 26 | J10: =E10/F10 -> #DIV/0!
A11: DG-4 (Ashok Leyland) Lighting Tower | B11: 0 | C11: 0 | D11: =B11+C11 -> 0 | E11: 0 | F11: 0 | G11: 0 | H11: 0 | I11: =D11-E11 -> 0 | J11: =E11/F11 -> #DIV/0!
A12: Electrical Air Compressor (Kirloskar) | B12: ='6'!I11 -> 0 | C12: 0 | D12: =B12+C12 -> 0 | E12: 0 | F12: 0 | G12: ='6'!H11 -> 0 | H12: =SUM(G12,F12) -> 0 | I12: =D12-E12 -> 0 | J12: =E12/F12 -> #DIV/0!
A13: Fire Pump (Kirloskar) | B13: ='6'!I12 -> 23 | C13: 0 | D13: =B13+C13 -> 23 | E13: 0 | F13: 0 | G13: ='6'!H12 -> 9 | H13: =SUM(G13,F13) -> 9 | I13: =D13-E13 -> 23 | J13: =E13/F13 -> #DIV/0!
A14: Water Tanker (GJ-08 v - 2430) | B14: ='6'!I13 -> 0 | C14: 0 | D14: =B14+C14 -> 0 | E14: 0 | F14: 0 | G14: ='6'!H13 -> 0 | H14: =SUM(G14,F14) -> 0 | I14: =D14-E14 -> 0 | J14: =E14/F14 -> #DIV/0!
A15: Water Tanker (GJ-18 AZ 1825) | B15: ='6'!I14 -> 0 | C15: 0 | D15: =B15+C15 -> 0 | E15: 0 | F15: 0 | G15: ='6'!H14 -> 0 | H15: =SUM(G15,F15) -> 0 | I15: =D15-E15 -> 0 | J15: =E15/F15 -> #DIV/0!
A16: WATER TANKER ( GJ-01-BY-5368) | B16: ='6'!I15 -> 0 | C16: 0 | D16: =C16+B16 -> 0 | E16: 0 | F16: 0 | G16: ='6'!H15 -> 0 | H16: =SUM(G16,F16) -> 0 | I16: =D16-E16 -> 0 | J16: =E16/F16 -> #DIV/0!
A17: OTHERS (CLEANING & SERVICING) | B17: ='6'!I16 -> 0 | C17: 0 | D17: =C17+B17 -> 0 | E17: 0 | F17: 0 | G17: ='6'!H16 -> 0 | H17: =SUM(G17,F17) -> 0 | I17: =D17-E17 -> 0 | J17: =E17/F17 -> #DIV/0!
A18: TRANSFERRED | B18: ='6'!I17 -> 0 | C18: 0 | D18: =C18+B18 -> 0 | E18: 0 | F18: 0 | G18: ='6'!H17 -> 0 | H18: =SUM(G18,F18) -> 0 | I18: =D18-E18 -> 0 | J18: =E18/F18 -> #DIV/0!
B19: ='6'!I18 -> 0 | C19: 0 | D19: =C19+B19 -> 0 | G19: ='6'!H18 -> 0 | H19: =SUM(G19,F19) -> 0 | I19: =D19-E19 -> 0 | J19: =E19/F19 -> #DIV/0!
B20: ='6'!I19 -> 0 | C20: 0 | D20: =C20+B20 -> 0 | G20: ='6'!H19 -> 0 | H20: =SUM(G20,F20) -> 0 | I20: =D20-E20 -> 0 | J20: =E20/F20 -> #DIV/0!
B21: ='6'!I20 -> 0 | C21: 0 | D21: =C21+B21 -> 0 | G21: ='6'!H20 -> 0 | H21: =SUM(G21,F21) -> 0 | I21: =D21-E21 -> 0 | J21: =E21/F21 -> #DIV/0!
B22: ='6'!I21 -> 0 | C22: 0 | D22: =C22+B22 -> 0 | G22: ='6'!H21 -> 0 | H22: =SUM(G22,F22) -> 0 | I22: =D22-E22 -> 0 | J22: =E22/F22 -> #DIV/0!
B23: ='6'!I22 -> 0 | C23: 0 | D23: =C23+B23 -> 0 | G23: ='6'!H22 -> 0 | H23: =SUM(G23,F23) -> 0 | I23: =D23-E23 -> 0 | J23: =E23/F23 -> #DIV/0!
B24: ='6'!I23 -> 0 | C24: 0 | D24: =C24+B24 -> 0 | G24: ='6'!H23 -> 0 | H24: =SUM(G24,F24) -> 0 | I24: =D24-E24 -> 0 | J24: =E24/F24 -> #DIV/0!
B25: ='6'!I24 -> 0 | C25: 0 | D25: =C25+B25 -> 0 | G25: ='6'!H24 -> 0 | H25: =SUM(G25,F25) -> 0 | I25: =D25-E25 -> 0 | J25: =E25/F25 -> #DIV/0!
B26: ='6'!I25 -> 0 | C26: 0 | D26: =C26+B26 -> 0 | G26: ='6'!H25 -> 0 | H26: =SUM(G26,F26) -> 0 | I26: =D26-E26 -> 0 | J26: =E26/F26 -> #DIV/0!
B27: ='6'!I26 -> 0 | C27: 0 | D27: =C27+B27 -> 0 | G27: ='6'!H26 -> 0 | H27: =SUM(G27,F27) -> 0 | I27: =D27-E27 -> 0 | J27: =E27/F27 -> #DIV/0!
A28: Total HSD | C28: =SUM(C6:C27) -> 220 | D28: =SUM(D6:D27) -> 1105 | E28: =SUM(E6:E27) -> 338 | F28: =SUM(F6:F27) -> 48 | I28: =SUM(I6:I27) -> 767
B30: Opening bal | C30: Received | D30: Total Balance | E30: TOP UP | F30: Total Consumption (Ltrs) | G30: Closing Balance. | H30: Remark If Any
A31: Rig Site Diesel | B31: ='6'!G30 -> 505 | C31: 600 | D31: =SUM(B31:C31) -> 1105 | E31: =C28 -> 220 | F31: =E28 -> 338 | G31: =D31-E31 -> 885
A32: Rig Site -D.Water | B32: 0 | C32: 0 | D32: =SUM(B32,C32) -> 0 | E32: 0 | F32: 0 | G32: =D32-F32 -> 0
A34: Lubricants & Grease
A35: Lubricants Name | B35: Opening Bal | C35: Received | D35: Total | E35: Consumed | F35: Closing Balance. | G35: Remark
A36: ENGINE OIL 15W40 | B36: ='6'!F35 -> 92 | D36: =SUM(B36:C36) -> 92 | F36: =D36-E36 -> 92
A37: Hydraulic Oil-68 | B37: ='6'!F36 -> 420 | D37: =SUM(B37:C37) -> 420 | F37: =D37-E37 -> 420
A38: Gear Oil = 80-W-90 | B38: ='6'!F37 -> 270 | D38: =SUM(B38:C38) -> 270 | F38: =D38-E38 -> 270
A39: Transmission Oil-30 | B39: ='6'!F38 -> 98 | D39: =SUM(B39:C39) -> 98 | E39: 50 | F39: =D39-E39 -> 48 | G39: TOP UP IN RIG ALISSION.
A40: SAE-40 Compressor Oil | B40: ='6'!F39 -> 0 | D40: =SUM(B40:C40) -> 0 | F40: =D40-E40 -> 0
A41: REFINED OIL(FOR BCU) | B41: ='6'!F40 -> 0 | D41: =SUM(B41:C41) -> 0 | F41: =D41-E41 -> 0
A42: PREMIX 50-50 COOLANT | B42: ='6'!F41 -> 170 | D42: =SUM(B42:C42) -> 170 | E42: 10 | F42: =D42-E42 -> 160 | G42: TOP UP IN DG-1.
A43: DOPE AS PER API IN KG | B43: ='6'!F42 -> 0 | D43: =SUM(B43:C43) -> 0 | F43: =D43-E43 -> 0
A44: Grease M.P IN KG | B44: ='6'!F43 -> 15 | D44: =SUM(B44:C44) -> 15 | F44: =D44-E44 -> 15
A45: Corona-68 Oil (ULTRA COOLANT) | B45: ='6'!F44 -> 0 | D45: =SUM(B45:C45) -> 0 | F45: =D45-E45 -> 0
A46: Drillo Meter Charging Oil | B46: ='6'!F45 -> 0 | D46: =SUM(B46:C46) -> 0 | F46: =D46-E46 -> 0
A47: BURNT OIL | B47: ='6'!F46 -> 0 | D47: =SUM(B47:C47) -> 0 | F47: =D47-E47 -> 0
A49: Name | B49: Opening Bal. Full Cyl | C49: Received Full Cyl. | D49: Running at site | E49: Empty at Site | F49: Total Cyl at Site | G49: Return to Party | H49: Bal. at Site | I49: Remark
A50: O2 Cyl. | B50: 0 | C50: 0 | D50: 0 | E50: 0 | F50: 0 | G50: 0 | H50: 0
A51: DA Cyl. | B51: 0 | C51: 0 | D51: 0 | E51: 0 | F51: 0 | G51: 0 | H51: 0
A52: N2 | B52: 0 | C52: 0 | D52: 0 | E52: 0 | F52: 0 | G52: 0 | H52: 0

Sheet 8
A1: OPERATION WORKING SHORT DPR
A2: RIG Name :- | B2: GTC-100-1 | G2: Date :- | H2: 46242
A3: Well No :- | B3: GND#592 | C3: R1 | D3: R2 | E3: R3 | F3: ILM | G3: TOTAL
C4: 14.5 | D4: 1 | E4: 8.5 | F4: 0 | G4: =SUM(C4,D4,E4,F4) -> 24
A5: Equipments | B5: Opening Stock HSD | C5: Top-up HSD | D5: Total HSD | E5: Total Consu. HSD | F5: Total Consu. HRS | G5: Opening Running HRS | H5: Closing HRS | I5: Closing Stock HSD | J5: Average | K5: Remark If Any
A6: Rig Carrier CAT (C9) | B6: ='7'!I6 -> 241 | C6: 200 | D6: =B6+C6 -> 441 | E6: 190 | F6: 22 | G6: ='7'!H6 -> 25212 | H6: =SUM(G6,F6) -> 25234 | I6: =D6-E6 -> 251 | J6: =E6/F6 -> 8.6363636 | K6: CDR&MILLING JOB.
A7: Mud Pump (Cummins) | B7: ='7'!I7 -> 241 | C7: 200 | D7: =B7+C7 -> 441 | E7: 155 | F7: 8.5 | G7: ='7'!H7 -> 1476.5 | H7: =SUM(G7,F7) -> 1485 | I7: =D7-E7 -> 286 | J7: =E7/F7 -> 18.235294 | K7: CDR&MILLING JOB.
A8: DG-1 E622CDJC204733G (125 KVA) | B8: ='7'!I8 -> 96 | C8: 30 | D8: =B8+C8 -> 126 | E8: 0 | F8: 0 | G8: ='7'!H8 -> 1325 | H8: =SUM(G8,F8) -> 1325 | I8: =D8-E8 -> 126 | J8: =E8/F8 -> #DIV/0!
A9: DG-2 E622CDJF215149G ( 125 KVA ) | B9: ='7'!I9 -> 140 | C9: 140 | D9: =B9+C9 -> 280 | E9: 148 | F9: 24 | G9: ='7'!H9 -> 3234 | H9: =SUM(G9,F9) -> 3258 | I9: =D9-E9 -> 132 | J9: =E9/F9 -> 6.1666667
A10: DG- 3 (Ashok Leyland) (25 KVA) | B10: ='7'!I10 -> 26 | C10: 0 | D10: =B10+C10 -> 26 | E10: 0 | F10: 0 | G10: ='7'!H10 -> 97 | H10: =SUM(G10,F10) -> 97 | I10: =D10-E10 -> 26 | J10: =E10/F10 -> #DIV/0!
A11: DG-4 (Ashok Leyland) Lighting Tower | B11: ='7'!I11 -> 0 | C11: 0 | D11: =B11+C11 -> 0 | E11: 0 | F11: 0 | G11: ='7'!H11 -> 0 | H11: =SUM(G11,F11) -> 0 | I11: =D11-E11 -> 0 | J11: =E11/F11 -> #DIV/0!
A12: Electrical Air Compressor (Kirloskar) | B12: ='7'!I12 -> 0 | C12: 0 | D12: =B12+C12 -> 0 | E12: 0 | F12: 0 | G12: ='7'!H12 -> 0 | H12: =SUM(G12,F12) -> 0 | I12: =D12-E12 -> 0 | J12: =E12/F12 -> #DIV/0!
A13: Fire Pump (Kirloskar) | B13: ='7'!I13 -> 23 | C13: 0 | D13: =B13+C13 -> 23 | E13: 3 | F13: 1 | G13: ='7'!H13 -> 9 | H13: =SUM(G13,F13) -> 10 | I13: =D13-E13 -> 20 | J13: =E13/F13 -> 3
A14: Water Tanker (GJ-08 v - 2430) | B14: ='7'!I14 -> 0 | C14: 0 | D14: =B14+C14 -> 0 | E14: 0 | F14: 0 | G14: ='7'!H14 -> 0 | H14: =SUM(G14,F14) -> 0 | I14: =D14-E14 -> 0 | J14: =E14/F14 -> #DIV/0!
A15: Water Tanker (GJ-18 AZ 1825) | B15: ='7'!I15 -> 0 | C15: 0 | D15: =B15+C15 -> 0 | E15: 0 | F15: 0 | G15: ='7'!H15 -> 0 | H15: =SUM(G15,F15) -> 0 | I15: =D15-E15 -> 0 | J15: =E15/F15 -> #DIV/0!
A16: WATER TANKER ( GJ-01-BY-5368) | B16: ='7'!I16 -> 0 | C16: 0 | D16: =C16+B16 -> 0 | E16: 0 | F16: 0 | G16: ='7'!H16 -> 0 | H16: =SUM(G16,F16) -> 0 | I16: =D16-E16 -> 0 | J16: =E16/F16 -> #DIV/0!
A17: OTHERS (CLEANING & SERVICING) | B17: ='7'!I17 -> 0 | C17: 0 | D17: =C17+B17 -> 0 | E17: 0 | F17: 0 | G17: ='7'!H17 -> 0 | H17: =SUM(G17,F17) -> 0 | I17: =D17-E17 -> 0 | J17: =E17/F17 -> #DIV/0!
A18: TRANSFERRED | B18: ='7'!I18 -> 0 | C18: 0 | D18: =C18+B18 -> 0 | E18: 0 | F18: 0 | G18: ='7'!H18 -> 0 | H18: =SUM(G18,F18) -> 0 | I18: =D18-E18 -> 0 | J18: =E18/F18 -> #DIV/0!
B19: ='7'!I19 -> 0 | D19: =C19+B19 -> 0 | G19: ='7'!H19 -> 0 | H19: =SUM(G19,F19) -> 0 | I19: =D19-E19 -> 0 | J19: =E19/F19 -> #DIV/0!
B20: ='7'!I20 -> 0 | D20: =C20+B20 -> 0 | G20: ='7'!H20 -> 0 | H20: =SUM(G20,F20) -> 0 | I20: =D20-E20 -> 0 | J20: =E20/F20 -> #DIV/0!
B21: ='7'!I21 -> 0 | D21: =C21+B21 -> 0 | G21: ='7'!H21 -> 0 | H21: =SUM(G21,F21) -> 0 | I21: =D21-E21 -> 0 | J21: =E21/F21 -> #DIV/0!
B22: ='7'!I22 -> 0 | D22: =C22+B22 -> 0 | G22: ='7'!H22 -> 0 | H22: =SUM(G22,F22) -> 0 | I22: =D22-E22 -> 0 | J22: =E22/F22 -> #DIV/0!
B23: ='7'!I23 -> 0 | D23: =C23+B23 -> 0 | G23: ='7'!H23 -> 0 | H23: =SUM(G23,F23) -> 0 | I23: =D23-E23 -> 0 | J23: =E23/F23 -> #DIV/0!
B24: ='7'!I24 -> 0 | D24: =C24+B24 -> 0 | G24: ='7'!H24 -> 0 | H24: =SUM(G24,F24) -> 0 | I24: =D24-E24 -> 0 | J24: =E24/F24 -> #DIV/0!
B25: ='7'!I25 -> 0 | D25: =C25+B25 -> 0 | G25: ='7'!H25 -> 0 | H25: =SUM(G25,F25) -> 0 | I25: =D25-E25 -> 0 | J25: =E25/F25 -> #DIV/0!
B26: ='7'!I26 -> 0 | D26: =C26+B26 -> 0 | G26: ='7'!H26 -> 0 | H26: =SUM(G26,F26) -> 0 | I26: =D26-E26 -> 0 | J26: =E26/F26 -> #DIV/0!
B27: ='7'!I27 -> 0 | D27: =C27+B27 -> 0 | G27: ='7'!H27 -> 0 | H27: =SUM(G27,F27) -> 0 | I27: =D27-E27 -> 0 | J27: =E27/F27 -> #DIV/0!
A28: Total HSD | C28: =SUM(C6:C27) -> 570 | D28: =SUM(D6:D27) -> 1337 | E28: =SUM(E6:E27) -> 496 | F28: =SUM(F6:F27) -> 55.5 | I28: =SUM(I6:I27) -> 841
B30: Opening bal | C30: Received | D30: Total Balance | E30: TOP UP | F30: Total Consumption (Ltrs) | G30: Closing Balance. | H30: Remark If Any
A31: Rig Site Diesel | B31: ='7'!G31 -> 885 | C31: 0 | D31: =SUM(B31:C31) -> 885 | E31: =C28 -> 570 | F31: =E28 -> 496 | G31: =D31-E31 -> 315
A32: Rig Site -D.Water | B32: 0 | C32: 0 | D32: =SUM(B32,C32) -> 0 | E32: 0 | F32: 0 | G32: =D32-F32 -> 0
A34: Lubricants & Grease
A35: Lubricants Name | B35: Opening Bal | C35: Received | D35: Total | E35: Consumed | F35: Closing Balance. | G35: Remark
A36: ENGINE OIL 15W40 | B36: ='7'!F36 -> 92 | D36: =SUM(B36:C36) -> 92 | E36: 5 | F36: =D36-E36 -> 87 | G36: top up in DG-1& Rig engine.
A37: Hydraulic Oil-68 | B37: ='7'!F37 -> 420 | D37: =SUM(B37:C37) -> 420 | F37: =D37-E37 -> 420
A38: Gear Oil = 80-W-90 | B38: ='7'!F38 -> 270 | D38: =SUM(B38:C38) -> 270 | E38: 15 | F38: =D38-E38 -> 255 | G38: Top up in kellyn swivel & rotary table.
A39: Transmission Oil-30 | B39: ='7'!F39 -> 48 | D39: =SUM(B39:C39) -> 48 | E39: 5 | F39: =D39-E39 -> 43 | G39: top up in RIG Alission.
A40: SAE-40 Compressor Oil | B40: ='7'!F40 -> 0 | D40: =SUM(B40:C40) -> 0 | F40: =D40-E40 -> 0
A41: REFINED OIL(FOR BCU) | B41: ='7'!F41 -> 0 | D41: =SUM(B41:C41) -> 0 | F41: =D41-E41 -> 0
A42: PREMIX 50-50 COOLANT | B42: ='7'!F42 -> 160 | D42: =SUM(B42:C42) -> 160 | F42: =D42-E42 -> 160
A43: DOPE AS PER API IN KG | B43: ='7'!F43 -> 0 | D43: =SUM(B43:C43) -> 0 | F43: =D43-E43 -> 0
A44: Grease M.P IN KG | B44: ='7'!F44 -> 15 | D44: =SUM(B44:C44) -> 15 | F44: =D44-E44 -> 15
A45: Corona-68 Oil (ULTRA COOLANT) | B45: ='7'!F45 -> 0 | D45: =SUM(B45:C45) -> 0 | F45: =D45-E45 -> 0
A46: Drillo Meter Charging Oil | B46: ='7'!F46 -> 0 | D46: =SUM(B46:C46) -> 0 | F46: =D46-E46 -> 0
A47: BURNT OIL | B47: ='7'!F47 -> 0 | D47: =SUM(B47:C47) -> 0 | F47: =D47-E47 -> 0
A49: Name | B49: Opening Bal. Full Cyl | C49: Received Full Cyl. | D49: Running at site | E49: Empty at Site | F49: Total Cyl at Site | G49: Return to Party | H49: Bal. at Site | I49: Remark
A50: O2 Cyl. | B50: 0 | C50: 0 | D50: 0 | E50: 0 | F50: 0 | G50: 0 | H50: 0
A51: DA Cyl. | B51: 0 | C51: 0 | D51: 0 | E51: 0 | F51: 0 | G51: 0 | H51: 0
A52: N2 | B52: 0 | C52: 0 | D52: 0 | E52: 0 | F52: 0 | G52: 0 | H52: 0

Sheet 9
A1: OPERATION WORKING SHORT DPR
A2: RIG Name :- | B2: GTC 100-1 | G2: Date :- | H2: 46243
A3: Well No :- | B3: GND#592 | C3: R1 | D3: R2 | E3: R3 | F3: ILM | G3: TOTAL
C4: 15.25 | D4: 1.5 | E4: 7.25 | F4: 0 | G4: =SUM(C4,D4,E4,F4) -> 24
A5: Equipments | B5: Opening Stock HSD | C5: Top-up HSD | D5: Total HSD | E5: Total Consu. HSD | F5: Total Consu. HRS | G5: Opening Running HRS | H5: Closing HRS | I5: Closing Stock HSD | J5: Average | K5: Remark If Any
A6: Rig Carrier CAT (C9) | B6: ='8'!I6 -> 251 | C6: 150 | D6: =B6+C6 -> 401 | E6: 138 | F6: 16.3 | G6: ='8'!H6 -> 25234 | H6: =SUM(G6,F6) -> 25250.3 | I6: =D6-E6 -> 263 | J6: =E6/F6 -> 8.4662577 | K6: CDR CUM MILLING
A7: Mud Pump (Cummins) | B7: ='8'!I7 -> 286 | C7: 200 | D7: =B7+C7 -> 486 | E7: 292 | F7: 14.5 | G7: ='8'!H7 -> 1485 | H7: =SUM(G7,F7) -> 1499.5 | I7: =D7-E7 -> 194 | J7: =E7/F7 -> 20.137931 | K7: CDR CUM MILLING
A8: DG-1 E622CDJC204733G (125 KVA) | B8: ='8'!I8 -> 126 | C8: 155 | D8: =B8+C8 -> 281 | E8: 160 | F8: 24 | G8: ='8'!H8 -> 1325 | H8: =SUM(G8,F8) -> 1349 | I8: =D8-E8 -> 121 | J8: =E8/F8 -> 6.6666667
A9: DG-2 E622CDJF215149G ( 125 KVA ) | B9: ='8'!I9 -> 132 | C9: 0 | D9: =B9+C9 -> 132 | E9: 0 | F9: 0 | G9: ='8'!H9 -> 3258 | H9: =SUM(G9,F9) -> 3258 | I9: =D9-E9 -> 132 | J9: =E9/F9 -> #DIV/0!
A10: DG- 3 (Ashok Leyland) (25 KVA) | B10: ='8'!I10 -> 26 | C10: 0 | D10: =B10+C10 -> 26 | E10: 0 | F10: 0 | G10: ='8'!H10 -> 97 | H10: =SUM(G10,F10) -> 97 | I10: =D10-E10 -> 26 | J10: =E10/F10 -> #DIV/0!
A11: DG-4 (Ashok Leyland) Lighting Tower | B11: ='8'!I11 -> 0 | C11: 0 | D11: =B11+C11 -> 0 | E11: 0 | F11: 0 | G11: ='8'!H11 -> 0 | H11: =SUM(G11,F11) -> 0 | I11: =D11-E11 -> 0 | J11: =E11/F11 -> #DIV/0!
A12: Electrical Air Compressor (Kirloskar) | B12: ='8'!I12 -> 0 | C12: 0 | D12: =B12+C12 -> 0 | E12: 0 | F12: 0 | G12: ='8'!H12 -> 0 | H12: =SUM(G12,F12) -> 0 | I12: =D12-E12 -> 0 | J12: =E12/F12 -> #DIV/0!
A13: Fire Pump (Kirloskar) | B13: ='8'!I13 -> 20 | C13: 0 | D13: =B13+C13 -> 20 | E13: 0 | F13: 0 | G13: ='8'!H13 -> 10 | H13: =SUM(G13,F13) -> 10 | I13: =D13-E13 -> 20 | J13: =E13/F13 -> #DIV/0!
A14: Water Tanker (GJ-08 v - 2430) | B14: ='8'!I14 -> 0 | C14: 0 | D14: =B14+C14 -> 0 | E14: 0 | F14: 0 | G14: ='8'!H14 -> 0 | H14: =SUM(G14,F14) -> 0 | I14: =D14-E14 -> 0 | J14: =E14/F14 -> #DIV/0!
A15: Water Tanker (GJ-18 AZ 1825) | B15: ='8'!I15 -> 0 | C15: 0 | D15: =B15+C15 -> 0 | E15: 0 | F15: 0 | G15: ='8'!H15 -> 0 | H15: =SUM(G15,F15) -> 0 | I15: =D15-E15 -> 0 | J15: =E15/F15 -> #DIV/0!
A16: WATER TANKER ( GJ-01-BY-5368) | B16: ='8'!I16 -> 0 | C16: 0 | D16: =C16+B16 -> 0 | E16: 0 | F16: 0 | G16: ='8'!H16 -> 0 | H16: =SUM(G16,F16) -> 0 | I16: =D16-E16 -> 0 | J16: =E16/F16 -> #DIV/0!
A17: OTHERS (CLEANING & SERVICING) | B17: ='8'!I17 -> 0 | C17: 0 | D17: =C17+B17 -> 0 | E17: 0 | F17: 0 | G17: ='8'!H17 -> 0 | H17: =SUM(G17,F17) -> 0 | I17: =D17-E17 -> 0 | J17: =E17/F17 -> #DIV/0!
A18: TRANSFERRED | B18: ='8'!I18 -> 0 | C18: 0 | D18: =C18+B18 -> 0 | E18: 0 | F18: 0 | G18: ='8'!H18 -> 0 | H18: =SUM(G18,F18) -> 0 | I18: =D18-E18 -> 0 | J18: =E18/F18 -> #DIV/0!
B19: ='8'!I19 -> 0 | D19: =C19+B19 -> 0 | G19: ='8'!H19 -> 0 | H19: =SUM(G19,F19) -> 0 | I19: =D19-E19 -> 0 | J19: =E19/F19 -> #DIV/0!
B20: ='8'!I20 -> 0 | D20: =C20+B20 -> 0 | G20: ='8'!H20 -> 0 | H20: =SUM(G20,F20) -> 0 | I20: =D20-E20 -> 0 | J20: =E20/F20 -> #DIV/0!
B21: ='8'!I21 -> 0 | D21: =C21+B21 -> 0 | G21: ='8'!H21 -> 0 | H21: =SUM(G21,F21) -> 0 | I21: =D21-E21 -> 0 | J21: =E21/F21 -> #DIV/0!
B22: ='8'!I22 -> 0 | D22: =C22+B22 -> 0 | G22: ='8'!H22 -> 0 | H22: =SUM(G22,F22) -> 0 | I22: =D22-E22 -> 0 | J22: =E22/F22 -> #DIV/0!
B23: ='8'!I23 -> 0 | D23: =C23+B23 -> 0 | G23: ='8'!H23 -> 0 | H23: =SUM(G23,F23) -> 0 | I23: =D23-E23 -> 0 | J23: =E23/F23 -> #DIV/0!
B24: ='8'!I24 -> 0 | D24: =C24+B24 -> 0 | G24: ='8'!H24 -> 0 | H24: =SUM(G24,F24) -> 0 | I24: =D24-E24 -> 0 | J24: =E24/F24 -> #DIV/0!
B25: ='8'!I25 -> 0 | D25: =C25+B25 -> 0 | G25: ='8'!H25 -> 0 | H25: =SUM(G25,F25) -> 0 | I25: =D25-E25 -> 0 | J25: =E25/F25 -> #DIV/0!
B26: ='8'!I26 -> 0 | D26: =C26+B26 -> 0 | G26: ='8'!H26 -> 0 | H26: =SUM(G26,F26) -> 0 | I26: =D26-E26 -> 0 | J26: =E26/F26 -> #DIV/0!
B27: ='8'!I27 -> 0 | D27: =C27+B27 -> 0 | G27: ='8'!H27 -> 0 | H27: =SUM(G27,F27) -> 0 | I27: =D27-E27 -> 0 | J27: =E27/F27 -> #DIV/0!
A28: Total HSD | C28: =SUM(C6:C27) -> 505 | D28: =SUM(D6:D27) -> 1346 | E28: =SUM(E6:E27) -> 590 | F28: =SUM(F6:F27) -> 54.8 | I28: =SUM(I6:I27) -> 756
B30: Opening bal | C30: Received | D30: Total Balance | E30: TOP UP | F30: Total Consumption (Ltrs) | G30: Closing Balance. | H30: Remark If Any
A31: Rig Site Diesel | B31: ='8'!G31 -> 315 | C31: 800 | D31: =SUM(B31:C31) -> 1115 | E31: =C28 -> 505 | F31: =E28 -> 590 | G31: =D31-E31 -> 610
A32: Rig Site -D.Water | B32: 0 | C32: 0 | D32: =SUM(B32,C32) -> 0 | E32: 0 | F32: 0 | G32: =D32-F32 -> 0
A34: Lubricants & Grease
A35: Lubricants Name | B35: Opening Bal | C35: Received | D35: Total | E35: Consumed | F35: Closing Balance. | G35: Remark
A36: ENGINE OIL 15W40 | B36: ='8'!F36 -> 87 | D36: =SUM(B36:C36) -> 87 | F36: =D36-E36 -> 87
A37: Hydraulic Oil-68 | B37: ='8'!F37 -> 420 | D37: =SUM(B37:C37) -> 420 | E37: 125 | F37: =D37-E37 -> 295 | G37: TOP UP IN RIG HYDRAULIC TANK.
A38: Gear Oil = 80-W-90 | B38: ='8'!F38 -> 255 | D38: =SUM(B38:C38) -> 255 | F38: =D38-E38 -> 255
A39: Transmission Oil-30 | B39: ='8'!F39 -> 43 | D39: =SUM(B39:C39) -> 43 | F39: =D39-E39 -> 43
A40: SAE-40 Compressor Oil | B40: ='8'!F40 -> 0 | D40: =SUM(B40:C40) -> 0 | F40: =D40-E40 -> 0
A41: REFINED OIL(FOR BCU) | B41: ='8'!F41 -> 0 | D41: =SUM(B41:C41) -> 0 | F41: =D41-E41 -> 0
A42: PREMIX 50-50 COOLANT | B42: ='8'!F42 -> 160 | D42: =SUM(B42:C42) -> 160 | E42: 35 | F42: =D42-E42 -> 125 | G42: TOP UP IN RADIATOR.
A43: DOPE AS PER API IN KG | B43: ='8'!F43 -> 0 | D43: =SUM(B43:C43) -> 0 | F43: =D43-E43 -> 0
A44: Grease M.P IN KG | B44: ='8'!F44 -> 15 | D44: =SUM(B44:C44) -> 15 | F44: =D44-E44 -> 15
A45: Corona-68 Oil (ULTRA COOLANT) | B45: ='8'!F45 -> 0 | D45: =SUM(B45:C45) -> 0 | F45: =D45-E45 -> 0
A46: Drillo Meter Charging Oil | B46: ='8'!F46 -> 0 | D46: =SUM(B46:C46) -> 0 | F46: =D46-E46 -> 0
A47: BURNT OIL | B47: ='8'!F47 -> 0 | D47: =SUM(B47:C47) -> 0 | F47: =D47-E47 -> 0
A49: Name | B49: Opening Bal. Full Cyl | C49: Received Full Cyl. | D49: Running at site | E49: Empty at Site | F49: Total Cyl at Site | G49: Return to Party | H49: Bal. at Site | I49: Remark
A50: O2 Cyl. | B50: 0 | C50: 0 | D50: 0 | E50: 0 | F50: 0 | G50: 0 | H50: 0
A51: DA Cyl. | B51: 0 | C51: 0 | D51: 0 | E51: 0 | F51: 0 | G51: 0 | H51: 0
A52: N2 | B52: 0 | C52: 0 | D52: 0 | E52: 0 | F52: 0 | G52: 0 | H52: 0

Sheet 10
A1: OPERATION WORKING SHORT DPR
A2: RIG Name :- | B2: GTC-100-1 | G2: Date :- | H2: 46244
A3: Well No :- | B3: GND#592 | C3: R1 | D3: R2 | E3: R3 | F3: ILM | G3: TOTAL
C4: 11 | D4: 2 | E4: 11 | F4: 0 | G4: =SUM(C4,D4,E4,F4) -> 24
A5: Equipments | B5: Opening Stock HSD | C5: Top-up HSD | D5: Total HSD | E5: Total Consu. HSD | F5: Total Consu. HRS | G5: Opening Running HRS | H5: Closing HRS | I5: Closing Stock HSD | J5: Average | K5: Remark If Any
A6: Rig Carrier CAT (C9) | B6: ='9'!I6 -> 263 | C6: 200 | D6: =B6+C6 -> 463 | E6: 90 | F6: 14.5 | G6: ='9'!H6 -> 25250.3 | H6: =SUM(G6,F6) -> 25264.8 | I6: =D6-E6 -> 373 | J6: =E6/F6 -> 6.2068966
A7: Mud Pump (Cummins) | B7: ='9'!I7 -> 194 | C7: 0 | D7: =B7+C7 -> 194 | E7: 13 | F7: 1 | G7: ='9'!H7 -> 1499.5 | H7: =SUM(G7,F7) -> 1500.5 | I7: =D7-E7 -> 181 | J7: =E7/F7 -> 13
A8: DG-1 E622CDJC204733G (125 KVA) | B8: ='9'!I8 -> 121 | C8: 0 | D8: =B8+C8 -> 121 | E8: 0 | F8: 0 | G8: ='9'!H8 -> 1349 | H8: =SUM(G8,F8) -> 1349 | I8: =D8-E8 -> 121 | J8: =E8/F8 -> #DIV/0!
A9: DG-2 E622CDJF215149G ( 125 KVA ) | B9: ='9'!I9 -> 132 | C9: 150 | D9: =B9+C9 -> 282 | E9: =24*6 -> 144 | F9: 24 | G9: ='9'!H9 -> 3258 | H9: =SUM(G9,F9) -> 3282 | I9: =D9-E9 -> 138 | J9: =E9/F9 -> 6
A10: DG- 3 (Ashok Leyland) (25 KVA) | B10: ='9'!I10 -> 26 | C10: 0 | D10: =B10+C10 -> 26 | E10: 0 | F10: 0 | G10: ='9'!H10 -> 97 | H10: =SUM(G10,F10) -> 97 | I10: =D10-E10 -> 26 | J10: =E10/F10 -> #DIV/0!
A11: DG-4 (Ashok Leyland) Lighting Tower | B11: ='9'!I11 -> 0 | C11: 0 | D11: =B11+C11 -> 0 | E11: 0 | F11: 0 | G11: ='9'!H11 -> 0 | H11: =SUM(G11,F11) -> 0 | I11: =D11-E11 -> 0 | J11: =E11/F11 -> #DIV/0!
A12: Electrical Air Compressor (Kirloskar) | B12: ='9'!I12 -> 0 | C12: 0 | D12: =B12+C12 -> 0 | E12: 0 | F12: 0 | G12: ='9'!H12 -> 0 | H12: =SUM(G12,F12) -> 0 | I12: =D12-E12 -> 0 | J12: =E12/F12 -> #DIV/0!
A13: Fire Pump (Kirloskar) | B13: ='9'!I13 -> 20 | C13: 0 | D13: =B13+C13 -> 20 | E13: 0 | F13: 0 | G13: ='9'!H13 -> 10 | H13: =SUM(G13,F13) -> 10 | I13: =D13-E13 -> 20 | J13: =E13/F13 -> #DIV/0!
A14: Water Tanker (GJ-08 v - 2430) | B14: ='9'!I14 -> 0 | C14: 0 | D14: =B14+C14 -> 0 | E14: 0 | F14: 0 | G14: ='9'!H14 -> 0 | H14: =SUM(G14,F14) -> 0 | I14: =D14-E14 -> 0 | J14: =E14/F14 -> #DIV/0!
A15: Water Tanker (GJ-18 AZ 1825) | B15: ='9'!I15 -> 0 | C15: 0 | D15: =B15+C15 -> 0 | E15: 0 | F15: 0 | G15: ='9'!H15 -> 0 | H15: =SUM(G15,F15) -> 0 | I15: =D15-E15 -> 0 | J15: =E15/F15 -> #DIV/0!
A16: WATER TANKER ( GJ-01-BY-5368) | B16: ='9'!I16 -> 0 | C16: 0 | D16: =C16+B16 -> 0 | E16: 0 | F16: 0 | G16: ='9'!H16 -> 0 | H16: =SUM(G16,F16) -> 0 | I16: =D16-E16 -> 0 | J16: =E16/F16 -> #DIV/0!
A17: OTHERS (CLEANING & SERVICING) | B17: ='9'!I17 -> 0 | C17: 0 | D17: =C17+B17 -> 0 | E17: 0 | F17: 0 | G17: ='9'!H17 -> 0 | H17: =SUM(G17,F17) -> 0 | I17: =D17-E17 -> 0 | J17: =E17/F17 -> #DIV/0!
A18: TRANSFERRED | B18: ='9'!I18 -> 0 | C18: 0 | D18: =C18+B18 -> 0 | E18: 0 | F18: 0 | G18: ='9'!H18 -> 0 | H18: =SUM(G18,F18) -> 0 | I18: =D18-E18 -> 0 | J18: =E18/F18 -> #DIV/0!
B19: ='9'!I19 -> 0 | D19: =C19+B19 -> 0 | G19: ='9'!H19 -> 0 | H19: =SUM(G19,F19) -> 0 | I19: =D19-E19 -> 0 | J19: =E19/F19 -> #DIV/0!
B20: ='9'!I20 -> 0 | D20: =C20+B20 -> 0 | G20: ='9'!H20 -> 0 | H20: =SUM(G20,F20) -> 0 | I20: =D20-E20 -> 0 | J20: =E20/F20 -> #DIV/0!
B21: ='9'!I21 -> 0 | D21: =C21+B21 -> 0 | G21: ='9'!H21 -> 0 | H21: =SUM(G21,F21) -> 0 | I21: =D21-E21 -> 0 | J21: =E21/F21 -> #DIV/0!
B22: ='9'!I22 -> 0 | D22: =C22+B22 -> 0 | G22: ='9'!H22 -> 0 | H22: =SUM(G22,F22) -> 0 | I22: =D22-E22 -> 0 | J22: =E22/F22 -> #DIV/0!
B23: ='9'!I23 -> 0 | D23: =C23+B23 -> 0 | G23: ='9'!H23 -> 0 | H23: =SUM(G23,F23) -> 0 | I23: =D23-E23 -> 0 | J23: =E23/F23 -> #DIV/0!
B24: ='9'!I24 -> 0 | D24: =C24+B24 -> 0 | G24: ='9'!H24 -> 0 | H24: =SUM(G24,F24) -> 0 | I24: =D24-E24 -> 0 | J24: =E24/F24 -> #DIV/0!
B25: ='9'!I25 -> 0 | D25: =C25+B25 -> 0 | G25: ='9'!H25 -> 0 | H25: =SUM(G25,F25) -> 0 | I25: =D25-E25 -> 0 | J25: =E25/F25 -> #DIV/0!
B26: ='9'!I26 -> 0 | D26: =C26+B26 -> 0 | G26: ='9'!H26 -> 0 | H26: =SUM(G26,F26) -> 0 | I26: =D26-E26 -> 0 | J26: =E26/F26 -> #DIV/0!
B27: ='9'!I27 -> 0 | D27: =C27+B27 -> 0 | G27: ='9'!H27 -> 0 | H27: =SUM(G27,F27) -> 0 | I27: =D27-E27 -> 0 | J27: =E27/F27 -> #DIV/0!
A28: Total HSD | C28: =SUM(C6:C27) -> 350 | D28: =SUM(D6:D27) -> 1106 | E28: =SUM(E6:E27) -> 247 | F28: =SUM(F6:F27) -> 39.5 | I28: =SUM(I6:I27) -> 859
B30: Opening bal | C30: Received | D30: Total Balance | E30: TOP UP | F30: Total Consumption (Ltrs) | G30: Closing Balance. | H30: Remark If Any
A31: Rig Site Diesel | B31: ='9'!G31 -> 610 | C31: 0 | D31: =SUM(B31:C31) -> 610 | E31: =C28 -> 350 | F31: =E28 -> 247 | G31: =D31-E31 -> 260
A32: Rig Site -D.Water | B32: 0 | C32: 0 | D32: =SUM(B32,C32) -> 0 | E32: 0 | F32: 0 | G32: =D32-F32 -> 0
A34: Lubricants & Grease
A35: Lubricants Name | B35: Opening Bal | C35: Received | D35: Total | E35: Consumed | F35: Closing Balance. | G35: Remark
A36: ENGINE OIL 15W40 | B36: ='9'!F36 -> 87 | D36: =SUM(B36:C36) -> 87 | F36: =D36-E36 -> 87
A37: Hydraulic Oil-68 | B37: ='9'!F37 -> 295 | D37: =SUM(B37:C37) -> 295 | F37: =D37-E37 -> 295
A38: Gear Oil = 80-W-90 | B38: ='9'!F38 -> 255 | D38: =SUM(B38:C38) -> 255 | F38: =D38-E38 -> 255
A39: Transmission Oil-30 | B39: ='9'!F39 -> 43 | D39: =SUM(B39:C39) -> 43 | F39: =D39-E39 -> 43
A40: SAE-40 Compressor Oil | B40: ='9'!F40 -> 0 | D40: =SUM(B40:C40) -> 0 | F40: =D40-E40 -> 0
A41: REFINED OIL(FOR BCU) | B41: ='9'!F41 -> 0 | D41: =SUM(B41:C41) -> 0 | F41: =D41-E41 -> 0
A42: PREMIX 50-50 COOLANT | B42: ='9'!F42 -> 125 | D42: =SUM(B42:C42) -> 125 | E42: 50 | F42: =D42-E42 -> 75 | G42: TOP UP IN RIG &RADIATOR&FIRE PUMP.
A43: DOPE AS PER API IN KG | B43: ='9'!F43 -> 0 | D43: =SUM(B43:C43) -> 0 | F43: =D43-E43 -> 0
A44: Grease M.P IN KG | B44: ='9'!F44 -> 15 | D44: =SUM(B44:C44) -> 15 | F44: =D44-E44 -> 15
A45: Corona-68 Oil (ULTRA COOLANT) | B45: ='9'!F45 -> 0 | D45: =SUM(B45:C45) -> 0 | F45: =D45-E45 -> 0
A46: Drillo Meter Charging Oil | B46: ='9'!F46 -> 0 | D46: =SUM(B46:C46) -> 0 | F46: =D46-E46 -> 0
A47: BURNT OIL | B47: ='9'!F47 -> 0 | D47: =SUM(B47:C47) -> 0 | F47: =D47-E47 -> 0
A49: Name | B49: Opening Bal. Full Cyl | C49: Received Full Cyl. | D49: Running at site | E49: Empty at Site | F49: Total Cyl at Site | G49: Return to Party | H49: Bal. at Site | I49: Remark
A50: O2 Cyl. | B50: 0 | C50: 0 | D50: 0 | E50: 0 | F50: 0 | G50: 0 | H50: 0
A51: DA Cyl. | B51: 0 | C51: 0 | D51: 0 | E51: 0 | F51: 0 | G51: 0 | H51: 0
A52: N2 | B52: 0 | C52: 0 | D52: 0 | E52: 0 | F52: 0 | G52: 0 | H52: 0

Sheet 11
A1: OPERATION WORKING SHORT DPR
A2: RIG Name :- | B2: GTC-100-1 | G2: Date :- | H2: 46245
A3: Well No :- | B3: GND#592 | C3: R1 | D3: R2 | E3: R3 | F3: ILM | G3: TOTAL
C4: 16 | D4: 1 | E4: 7 | F4: 0 | G4: =SUM(C4,D4,E4,F4) -> 24
A5: Equipments | B5: Opening Stock HSD | C5: Top-up HSD | D5: Total HSD | E5: Total Consu. HSD | F5: Total Consu. HRS | G5: Opening Running HRS | H5: Closing HRS | I5: Closing Stock HSD | J5: Average | K5: Remark If Any
A6: Rig Carrier CAT (C9) | B6: ='10'!I6 -> 373 | C6: 0 | D6: =B6+C6 -> 373 | E6: 135 | F6: 18 | G6: ='10'!H6 -> 25264.8 | H6: =SUM(G6,F6) -> 25282.8 | I6: =D6-E6 -> 238 | J6: =E6/F6 -> 7.5 | K6: CDR & MILLING
A7: Mud Pump (Cummins) | B7: ='10'!I7 -> 181 | C7: 100 | D7: =B7+C7 -> 281 | E7: 190 | F7: 10.5 | G7: ='10'!H7 -> 1500.5 | H7: =SUM(G7,F7) -> 1511 | I7: =D7-E7 -> 91 | J7: =E7/F7 -> 18.095238 | K7: CDR & MILLING
A8: DG-1 E622CDJC204733G (125 KVA) | B8: ='10'!I8 -> 121 | C8: 160 | D8: =B8+C8 -> 281 | E8: 150 | F8: 24 | G8: ='10'!H8 -> 1349 | H8: =SUM(G8,F8) -> 1373 | I8: =D8-E8 -> 131 | J8: =E8/F8 -> 6.25
A9: DG-2 E622CDJF215149G ( 125 KVA ) | B9: ='10'!I9 -> 138 | C9: 0 | D9: =B9+C9 -> 138 | E9: 0 | F9: 0 | G9: ='10'!H9 -> 3282 | H9: =SUM(G9,F9) -> 3282 | I9: =D9-E9 -> 138 | J9: =E9/F9 -> #DIV/0!
A10: DG- 3 (Ashok Leyland) (25 KVA) | B10: ='10'!I10 -> 26 | C10: 0 | D10: =B10+C10 -> 26 | E10: 0 | F10: 0 | G10: ='10'!H10 -> 97 | H10: =SUM(G10,F10) -> 97 | I10: =D10-E10 -> 26 | J10: =E10/F10 -> #DIV/0!
A11: DG-4 (Ashok Leyland) Lighting Tower | B11: ='10'!I11 -> 0 | C11: 0 | D11: =B11+C11 -> 0 | E11: 0 | F11: 0 | G11: ='10'!H11 -> 0 | H11: =SUM(G11,F11) -> 0 | I11: =D11-E11 -> 0 | J11: =E11/F11 -> #DIV/0!
A12: Electrical Air Compressor (Kirloskar) | B12: ='10'!I12 -> 0 | C12: 0 | D12: =B12+C12 -> 0 | E12: 0 | F12: 0 | G12: ='10'!H12 -> 0 | H12: =SUM(G12,F12) -> 0 | I12: =D12-E12 -> 0 | J12: =E12/F12 -> #DIV/0!
A13: Fire Pump (Kirloskar) | B13: ='10'!I13 -> 20 | C13: 0 | D13: =B13+C13 -> 20 | E13: 0 | F13: 0 | G13: ='10'!H13 -> 10 | H13: =SUM(G13,F13) -> 10 | I13: =D13-E13 -> 20 | J13: =E13/F13 -> #DIV/0!
A14: Water Tanker (GJ-08 v - 2430) | B14: ='10'!I14 -> 0 | C14: 0 | D14: =B14+C14 -> 0 | E14: 0 | F14: 0 | G14: ='10'!H14 -> 0 | H14: =SUM(G14,F14) -> 0 | I14: =D14-E14 -> 0 | J14: =E14/F14 -> #DIV/0!
A15: Water Tanker (GJ-18 AZ 1825) | B15: ='10'!I15 -> 0 | C15: 0 | D15: =B15+C15 -> 0 | E15: 0 | F15: 0 | G15: ='10'!H15 -> 0 | H15: =SUM(G15,F15) -> 0 | I15: =D15-E15 -> 0 | J15: =E15/F15 -> #DIV/0!
A16: WATER TANKER ( GJ-01-BY-5368) | B16: ='10'!I16 -> 0 | C16: 0 | D16: =C16+B16 -> 0 | E16: 0 | F16: 0 | G16: ='10'!H16 -> 0 | H16: =SUM(G16,F16) -> 0 | I16: =D16-E16 -> 0 | J16: =E16/F16 -> #DIV/0!
A17: OTHERS (CLEANING & SERVICING) | B17: ='10'!I17 -> 0 | C17: 0 | D17: =C17+B17 -> 0 | E17: 0 | F17: 0 | G17: ='10'!H17 -> 0 | H17: =SUM(G17,F17) -> 0 | I17: =D17-E17 -> 0 | J17: =E17/F17 -> #DIV/0!
A18: TRANSFERRED | B18: ='10'!I18 -> 0 | C18: 0 | D18: =C18+B18 -> 0 | E18: 0 | F18: 0 | G18: ='10'!H18 -> 0 | H18: =SUM(G18,F18) -> 0 | I18: =D18-E18 -> 0 | J18: =E18/F18 -> #DIV/0!
B19: ='10'!I19 -> 0 | D19: =C19+B19 -> 0 | G19: ='10'!H19 -> 0 | H19: =SUM(G19,F19) -> 0 | I19: =D19-E19 -> 0 | J19: =E19/F19 -> #DIV/0!
B20: ='10'!I20 -> 0 | D20: =C20+B20 -> 0 | G20: ='10'!H20 -> 0 | H20: =SUM(G20,F20) -> 0 | I20: =D20-E20 -> 0 | J20: =E20/F20 -> #DIV/0!
B21: ='10'!I21 -> 0 | D21: =C21+B21 -> 0 | G21: ='10'!H21 -> 0 | H21: =SUM(G21,F21) -> 0 | I21: =D21-E21 -> 0 | J21: =E21/F21 -> #DIV/0!
B22: ='10'!I22 -> 0 | D22: =C22+B22 -> 0 | G22: ='10'!H22 -> 0 | H22: =SUM(G22,F22) -> 0 | I22: =D22-E22 -> 0 | J22: =E22/F22 -> #DIV/0!
B23: ='10'!I23 -> 0 | D23: =C23+B23 -> 0 | G23: ='10'!H23 -> 0 | H23: =SUM(G23,F23) -> 0 | I23: =D23-E23 -> 0 | J23: =E23/F23 -> #DIV/0!
B24: ='10'!I24 -> 0 | D24: =C24+B24 -> 0 | G24: ='10'!H24 -> 0 | H24: =SUM(G24,F24) -> 0 | I24: =D24-E24 -> 0 | J24: =E24/F24 -> #DIV/0!
B25: ='10'!I25 -> 0 | D25: =C25+B25 -> 0 | G25: ='10'!H25 -> 0 | H25: =SUM(G25,F25) -> 0 | I25: =D25-E25 -> 0 | J25: =E25/F25 -> #DIV/0!
B26: ='10'!I26 -> 0 | D26: =C26+B26 -> 0 | G26: ='10'!H26 -> 0 | H26: =SUM(G26,F26) -> 0 | I26: =D26-E26 -> 0 | J26: =E26/F26 -> #DIV/0!
B27: ='10'!I27 -> 0 | D27: =C27+B27 -> 0 | G27: ='10'!H27 -> 0 | H27: =SUM(G27,F27) -> 0 | I27: =D27-E27 -> 0 | J27: =E27/F27 -> #DIV/0!
A28: Total HSD | C28: =SUM(C6:C27) -> 260 | D28: =SUM(D6:D27) -> 1119 | E28: =SUM(E6:E27) -> 475 | F28: =SUM(F6:F27) -> 52.5 | I28: =SUM(I6:I27) -> 644
B30: Opening bal | C30: Received | D30: Total Balance | E30: TOP UP | F30: Total Consumption (Ltrs) | G30: Closing Balance. | H30: Remark If Any
A31: Rig Site Diesel | B31: ='10'!G31 -> 260 | C31: 0 | D31: =SUM(B31:C31) -> 260 | E31: =C28 -> 260 | F31: =E28 -> 475 | G31: =D31-E31 -> 0
A32: Rig Site -D.Water | B32: 0 | C32: 0 | D32: =SUM(B32,C32) -> 0 | E32: 0 | F32: 0 | G32: =D32-F32 -> 0
A34: Lubricants & Grease
A35: Lubricants Name | B35: Opening Bal | C35: Received | D35: Total | E35: Consumed | F35: Closing Balance. | G35: Remark
A36: ENGINE OIL 15W40 | B36: ='10'!F36 -> 87 | D36: =SUM(B36:C36) -> 87 | F36: =D36-E36 -> 87
A37: Hydraulic Oil-68 | B37: ='10'!F37 -> 295 | D37: =SUM(B37:C37) -> 295 | F37: =D37-E37 -> 295
A38: Gear Oil = 80-W-90 | B38: ='10'!F38 -> 255 | D38: =SUM(B38:C38) -> 255 | F38: =D38-E38 -> 255
A39: Transmission Oil-30 | B39: ='10'!F39 -> 43 | D39: =SUM(B39:C39) -> 43 | F39: =D39-E39 -> 43
A40: SAE-40 Compressor Oil | B40: ='10'!F40 -> 0 | D40: =SUM(B40:C40) -> 0 | F40: =D40-E40 -> 0
A41: REFINED OIL(FOR BCU) | B41: ='10'!F41 -> 0 | D41: =SUM(B41:C41) -> 0 | F41: =D41-E41 -> 0
A42: PREMIX 50-50 COOLANT | B42: ='10'!F42 -> 75 | D42: =SUM(B42:C42) -> 75 | F42: =D42-E42 -> 75
A43: DOPE AS PER API IN KG | B43: ='10'!F43 -> 0 | D43: =SUM(B43:C43) -> 0 | F43: =D43-E43 -> 0
A44: Grease M.P IN KG | B44: ='10'!F44 -> 15 | D44: =SUM(B44:C44) -> 15 | F44: =D44-E44 -> 15
A45: Corona-68 Oil (ULTRA COOLANT) | B45: ='10'!F45 -> 0 | D45: =SUM(B45:C45) -> 0 | F45: =D45-E45 -> 0
A46: Drillo Meter Charging Oil | B46: ='10'!F46 -> 0 | D46: =SUM(B46:C46) -> 0 | F46: =D46-E46 -> 0
A47: BURNT OIL | B47: ='10'!F47 -> 0 | D47: =SUM(B47:C47) -> 0 | F47: =D47-E47 -> 0
A49: Name | B49: Opening Bal. Full Cyl | C49: Received Full Cyl. | D49: Running at site | E49: Empty at Site | F49: Total Cyl at Site | G49: Return to Party | H49: Bal. at Site | I49: Remark
A50: O2 Cyl. | B50: 0 | C50: 0 | D50: 0 | E50: 0 | F50: 0 | G50: 0 | H50: 0
A51: DA Cyl. | B51: 0 | C51: 0 | D51: 0 | E51: 0 | F51: 0 | G51: 0 | H51: 0
A52: N2 | B52: 0 | C52: 0 | D52: 0 | E52: 0 | F52: 0 | G52: 0 | H52: 0

Sheet 12
A1: OPERATION WORKING SHORT DPR
A2: RIG Name :- | B2: GTC-100-1 | G2: Date :- | H2: 46246
A3: Well No :- | B3: GND # 592 | C3: R1 | D3: R2 | E3: R3 | F3: ILM | G3: TOTAL
C4: 15 | D4: 1 | E4: 8 | F4: 0 | G4: =SUM(C4,D4,E4,F4) -> 24
A5: Equipments | B5: Opening Stock HSD | C5: Top-up HSD | D5: Total HSD | E5: Total Consu. HSD | F5: Total Consu. HRS | G5: Opening Running HRS | H5: Closing HRS | I5: Closing Stock HSD | J5: Average | K5: Remark If Any
A6: Rig Carrier CAT (C9) | B6: ='11'!I6 -> 238 | C6: 200 | D6: =B6+C6 -> 438 | E6: 155 | F6: 20.4 | G6: ='11'!H6 -> 25282.8 | H6: =SUM(G6,F6) -> 25303.2 | I6: =D6-E6 -> 283 | J6: =E6/F6 -> 7.5980392 | K6: CDR
A7: Mud Pump (Cummins) | B7: ='11'!I7 -> 91 | C7: 150 | D7: =B7+C7 -> 241 | E7: 37 | F7: 2 | G7: ='11'!H7 -> 1511 | H7: =SUM(G7,F7) -> 1513 | I7: =D7-E7 -> 204 | J7: =E7/F7 -> 18.5 | K7: CDR
A8: DG-1 E622CDJC204733G (125 KVA) | B8: ='11'!I8 -> 131 | C8: 0 | D8: =B8+C8 -> 131 | E8: 0 | F8: 0 | G8: ='11'!H8 -> 1373 | H8: =SUM(G8,F8) -> 1373 | I8: =D8-E8 -> 131 | J8: =E8/F8 -> #DIV/0!
A9: DG-2 E622CDJF215149G ( 125 KVA ) | B9: ='11'!I9 -> 138 | C9: 110 | D9: =B9+C9 -> 248 | E9: 148 | F9: 24 | G9: ='11'!H9 -> 3282 | H9: =SUM(G9,F9) -> 3306 | I9: =D9-E9 -> 100 | J9: =E9/F9 -> 6.1666667
A10: DG- 3 (Ashok Leyland) (25 KVA) | B10: ='11'!I10 -> 26 | C10: 0 | D10: =B10+C10 -> 26 | E10: 0 | F10: 0 | G10: ='11'!H10 -> 97 | H10: =SUM(G10,F10) -> 97 | I10: =D10-E10 -> 26 | J10: =E10/F10 -> #DIV/0!
A11: DG-4 (Ashok Leyland) Lighting Tower | B11: ='11'!I11 -> 0 | C11: 0 | D11: =B11+C11 -> 0 | E11: 0 | F11: 0 | G11: ='11'!H11 -> 0 | H11: =SUM(G11,F11) -> 0 | I11: =D11-E11 -> 0 | J11: =E11/F11 -> #DIV/0!
A12: Electrical Air Compressor (Kirloskar) | B12: ='11'!I12 -> 0 | C12: 0 | D12: =B12+C12 -> 0 | E12: 0 | F12: 0 | G12: ='11'!H12 -> 0 | H12: =SUM(G12,F12) -> 0 | I12: =D12-E12 -> 0 | J12: =E12/F12 -> #DIV/0!
A13: Fire Pump (Kirloskar) | B13: ='11'!I13 -> 20 | C13: 0 | D13: =B13+C13 -> 20 | E13: 0 | F13: 0 | G13: ='11'!H13 -> 10 | H13: =SUM(G13,F13) -> 10 | I13: =D13-E13 -> 20 | J13: =E13/F13 -> #DIV/0!
A14: Water Tanker (GJ-08 v - 2430) | B14: ='11'!I14 -> 0 | C14: 0 | D14: =B14+C14 -> 0 | E14: 0 | F14: 0 | G14: ='11'!H14 -> 0 | H14: =SUM(G14,F14) -> 0 | I14: =D14-E14 -> 0 | J14: =E14/F14 -> #DIV/0!
A15: Water Tanker (GJ-18 AZ 1825) | B15: ='11'!I15 -> 0 | C15: 0 | D15: =B15+C15 -> 0 | E15: 0 | F15: 0 | G15: ='11'!H15 -> 0 | H15: =SUM(G15,F15) -> 0 | I15: =D15-E15 -> 0 | J15: =E15/F15 -> #DIV/0!
A16: WATER TANKER ( GJ-01-BY-5368) | B16: ='11'!I16 -> 0 | C16: 0 | D16: =C16+B16 -> 0 | E16: 0 | F16: 0 | G16: ='11'!H16 -> 0 | H16: =SUM(G16,F16) -> 0 | I16: =D16-E16 -> 0 | J16: =E16/F16 -> #DIV/0!
A17: OTHERS (CLEANING & SERVICING) | B17: ='11'!I17 -> 0 | C17: 0 | D17: =C17+B17 -> 0 | E17: 0 | F17: 0 | G17: ='11'!H17 -> 0 | H17: =SUM(G17,F17) -> 0 | I17: =D17-E17 -> 0 | J17: =E17/F17 -> #DIV/0!
A18: TRANSFERRED | B18: ='11'!I18 -> 0 | C18: 0 | D18: =C18+B18 -> 0 | E18: 0 | F18: 0 | G18: ='11'!H18 -> 0 | H18: =SUM(G18,F18) -> 0 | I18: =D18-E18 -> 0 | J18: =E18/F18 -> #DIV/0!
B19: ='11'!I19 -> 0 | D19: =C19+B19 -> 0 | G19: ='11'!H19 -> 0 | H19: =SUM(G19,F19) -> 0 | I19: =D19-E19 -> 0 | J19: =E19/F19 -> #DIV/0!
B20: ='11'!I20 -> 0 | D20: =C20+B20 -> 0 | G20: ='11'!H20 -> 0 | H20: =SUM(G20,F20) -> 0 | I20: =D20-E20 -> 0 | J20: =E20/F20 -> #DIV/0!
B21: ='11'!I21 -> 0 | D21: =C21+B21 -> 0 | G21: ='11'!H21 -> 0 | H21: =SUM(G21,F21) -> 0 | I21: =D21-E21 -> 0 | J21: =E21/F21 -> #DIV/0!
B22: ='11'!I22 -> 0 | D22: =C22+B22 -> 0 | G22: ='11'!H22 -> 0 | H22: =SUM(G22,F22) -> 0 | I22: =D22-E22 -> 0 | J22: =E22/F22 -> #DIV/0!
B23: ='11'!I23 -> 0 | D23: =C23+B23 -> 0 | G23: ='11'!H23 -> 0 | H23: =SUM(G23,F23) -> 0 | I23: =D23-E23 -> 0 | J23: =E23/F23 -> #DIV/0!
B24: ='11'!I24 -> 0 | D24: =C24+B24 -> 0 | G24: ='11'!H24 -> 0 | H24: =SUM(G24,F24) -> 0 | I24: =D24-E24 -> 0 | J24: =E24/F24 -> #DIV/0!
B25: ='11'!I25 -> 0 | D25: =C25+B25 -> 0 | G25: ='11'!H25 -> 0 | H25: =SUM(G25,F25) -> 0 | I25: =D25-E25 -> 0 | J25: =E25/F25 -> #DIV/0!
B26: ='11'!I26 -> 0 | D26: =C26+B26 -> 0 | G26: ='11'!H26 -> 0 | H26: =SUM(G26,F26) -> 0 | I26: =D26-E26 -> 0 | J26: =E26/F26 -> #DIV/0!
B27: ='11'!I27 -> 0 | D27: =C27+B27 -> 0 | G27: ='11'!H27 -> 0 | H27: =SUM(G27,F27) -> 0 | I27: =D27-E27 -> 0 | J27: =E27/F27 -> #DIV/0!
A28: Total HSD | C28: =SUM(C6:C27) -> 460 | D28: =SUM(D6:D27) -> 1104 | E28: =SUM(E6:E27) -> 340 | F28: =SUM(F6:F27) -> 46.4 | I28: =SUM(I6:I27) -> 764
B30: Opening bal | C30: Received | D30: Total Balance | E30: TOP UP | F30: Total Consumption (Ltrs) | G30: Closing Balance. | H30: Remark If Any
A31: Rig Site Diesel | B31: ='11'!G31 -> 0 | C31: 800 | D31: =SUM(B31:C31) -> 800 | E31: =C28 -> 460 | F31: =E28 -> 340 | G31: =D31-E31 -> 340
A32: Rig Site -D.Water | B32: 0 | C32: 0 | D32: =SUM(B32,C32) -> 0 | E32: 0 | F32: 0 | G32: =D32-F32 -> 0
A34: Lubricants & Grease
A35: Lubricants Name | B35: Opening Bal | C35: Received | D35: Total | E35: Consumed | F35: Closing Balance. | G35: Remark
A36: ENGINE OIL 15W40 | B36: ='11'!F36 -> 87 | D36: =SUM(B36:C36) -> 87 | F36: =D36-E36 -> 87
A37: Hydraulic Oil-68 | B37: ='11'!F37 -> 295 | D37: =SUM(B37:C37) -> 295 | F37: =D37-E37 -> 295
A38: Gear Oil = 80-W-90 | B38: ='11'!F38 -> 255 | D38: =SUM(B38:C38) -> 255 | F38: =D38-E38 -> 255
A39: Transmission Oil-30 | B39: ='11'!F39 -> 43 | D39: =SUM(B39:C39) -> 43 | F39: =D39-E39 -> 43
A40: SAE-40 Compressor Oil | B40: ='11'!F40 -> 0 | D40: =SUM(B40:C40) -> 0 | F40: =D40-E40 -> 0
A41: REFINED OIL(FOR BCU) | B41: ='11'!F41 -> 0 | D41: =SUM(B41:C41) -> 0 | F41: =D41-E41 -> 0
A42: PREMIX 50-50 COOLANT | B42: ='11'!F42 -> 75 | D42: =SUM(B42:C42) -> 75 | F42: =D42-E42 -> 75
A43: DOPE AS PER API IN KG | B43: ='11'!F43 -> 0 | D43: =SUM(B43:C43) -> 0 | F43: =D43-E43 -> 0
A44: Grease M.P IN KG | B44: ='11'!F44 -> 15 | D44: =SUM(B44:C44) -> 15 | F44: =D44-E44 -> 15
A45: Corona-68 Oil (ULTRA COOLANT) | B45: ='11'!F45 -> 0 | D45: =SUM(B45:C45) -> 0 | F45: =D45-E45 -> 0
A46: Drillo Meter Charging Oil | B46: ='11'!F46 -> 0 | D46: =SUM(B46:C46) -> 0 | F46: =D46-E46 -> 0
A47: BURNT OIL | B47: ='11'!F47 -> 0 | D47: =SUM(B47:C47) -> 0 | F47: =D47-E47 -> 0
A49: Name | B49: Opening Bal. Full Cyl | C49: Received Full Cyl. | D49: Running at site | E49: Empty at Site | F49: Total Cyl at Site | G49: Return to Party | H49: Bal. at Site | I49: Remark
A50: O2 Cyl. | B50: 0 | C50: 0 | D50: 0 | E50: 0 | F50: 0 | G50: 0 | H50: 0
A51: DA Cyl. | B51: 0 | C51: 0 | D51: 0 | E51: 0 | F51: 0 | G51: 0 | H51: 0
A52: N2 | B52: 0 | C52: 0 | D52: 0 | E52: 0 | F52: 0 | G52: 0 | H52: 0

Sheet 13
A1: OPERATION WORKING SHORT DPR
A2: RIG Name :- | B2: GTC 100-1 | G2: Date :- | H2: 46247
A3: Well No :- | B3: GND # 592 | C3: R1 | D3: R2 | E3: R3 | F3: ILM | G3: TOTAL
C4: 18.25 | D4: 1 | E4: 4.75 | F4: 0 | G4: =SUM(C4,D4,E4,F4) -> 24
A5: Equipments | B5: Opening Stock HSD | C5: Top-up HSD | D5: Total HSD | E5: Total Consu. HSD | F5: Total Consu. HRS | G5: Opening Running HRS | H5: Closing HRS | I5: Closing Stock HSD | J5: Average | K5: Remark If Any
A6: Rig Carrier CAT (C9) | B6: ='12'!I6 -> 283 | C6: 280 | D6: =B6+C6 -> 563 | E6: 180 | F6: 21.5 | G6: ='12'!H6 -> 25303.2 | H6: =SUM(G6,F6) -> 25324.7 | I6: =D6-E6 -> 383 | J6: =E6/F6 -> 8.372093
A7: Mud Pump (Cummins) | B7: ='12'!I7 -> 204 | C7: 100 | D7: =B7+C7 -> 304 | E7: 98 | F7: 5 | G7: ='12'!H7 -> 1513 | H7: =SUM(G7,F7) -> 1518 | I7: =D7-E7 -> 206 | J7: =E7/F7 -> 19.6
A8: DG-1 E622CDJC204733G (125 KVA) | B8: ='12'!I8 -> 131 | C8: 170 | D8: =B8+C8 -> 301 | E8: 143 | F8: 24 | G8: ='12'!H8 -> 1373 | H8: =SUM(G8,F8) -> 1397 | I8: =D8-E8 -> 158 | J8: =E8/F8 -> 5.9583333
A9: DG-2 E622CDJF215149G ( 125 KVA ) | B9: ='12'!I9 -> 100 | C9: 0 | D9: =B9+C9 -> 100 | E9: 0 | F9: 0 | G9: ='12'!H9 -> 3306 | H9: =SUM(G9,F9) -> 3306 | I9: =D9-E9 -> 100 | J9: =E9/F9 -> #DIV/0!
A10: DG- 3 (Ashok Leyland) (25 KVA) | B10: ='12'!I10 -> 26 | C10: 0 | D10: =B10+C10 -> 26 | E10: 0 | F10: 0 | G10: ='12'!H10 -> 97 | H10: =SUM(G10,F10) -> 97 | I10: =D10-E10 -> 26 | J10: =E10/F10 -> #DIV/0!
A11: DG-4 (Ashok Leyland) Lighting Tower | B11: ='12'!I11 -> 0 | C11: 0 | D11: =B11+C11 -> 0 | E11: 0 | F11: 0 | G11: ='12'!H11 -> 0 | H11: =SUM(G11,F11) -> 0 | I11: =D11-E11 -> 0 | J11: =E11/F11 -> #DIV/0!
A12: Electrical Air Compressor (Kirloskar) | B12: ='12'!I12 -> 0 | C12: 0 | D12: =B12+C12 -> 0 | E12: 0 | F12: 0 | G12: ='12'!H12 -> 0 | H12: =SUM(G12,F12) -> 0 | I12: =D12-E12 -> 0 | J12: =E12/F12 -> #DIV/0!
A13: Fire Pump (Kirloskar) | B13: ='12'!I13 -> 20 | C13: 0 | D13: =B13+C13 -> 20 | E13: 0 | F13: 0 | G13: ='12'!H13 -> 10 | H13: =SUM(G13,F13) -> 10 | I13: =D13-E13 -> 20 | J13: =E13/F13 -> #DIV/0!
A14: Water Tanker (GJ-08 v - 2430) | B14: ='12'!I14 -> 0 | C14: 0 | D14: =B14+C14 -> 0 | E14: 0 | F14: 0 | G14: ='12'!H14 -> 0 | H14: =SUM(G14,F14) -> 0 | I14: =D14-E14 -> 0 | J14: =E14/F14 -> #DIV/0!
A15: Water Tanker (GJ-18 AZ 1825) | B15: ='12'!I15 -> 0 | C15: 0 | D15: =B15+C15 -> 0 | E15: 0 | F15: 0 | G15: ='12'!H15 -> 0 | H15: =SUM(G15,F15) -> 0 | I15: =D15-E15 -> 0 | J15: =E15/F15 -> #DIV/0!
A16: WATER TANKER ( GJ-01-BY-5368) | B16: ='12'!I16 -> 0 | C16: 0 | D16: =C16+B16 -> 0 | E16: 0 | F16: 0 | G16: ='12'!H16 -> 0 | H16: =SUM(G16,F16) -> 0 | I16: =D16-E16 -> 0 | J16: =E16/F16 -> #DIV/0!
A17: OTHERS (CLEANING & SERVICING) | B17: ='12'!I17 -> 0 | C17: 0 | D17: =C17+B17 -> 0 | E17: 0 | F17: 0 | G17: ='12'!H17 -> 0 | H17: =SUM(G17,F17) -> 0 | I17: =D17-E17 -> 0 | J17: =E17/F17 -> #DIV/0!
A18: TRANSFERRED | B18: ='12'!I18 -> 0 | C18: 0 | D18: =C18+B18 -> 0 | E18: 0 | F18: 0 | G18: ='12'!H18 -> 0 | H18: =SUM(G18,F18) -> 0 | I18: =D18-E18 -> 0 | J18: =E18/F18 -> #DIV/0!
B19: ='12'!I19 -> 0 | D19: =C19+B19 -> 0 | G19: ='12'!H19 -> 0 | H19: =SUM(G19,F19) -> 0 | I19: =D19-E19 -> 0 | J19: =E19/F19 -> #DIV/0!
B20: ='12'!I20 -> 0 | D20: =C20+B20 -> 0 | G20: ='12'!H20 -> 0 | H20: =SUM(G20,F20) -> 0 | I20: =D20-E20 -> 0 | J20: =E20/F20 -> #DIV/0!
B21: ='12'!I21 -> 0 | D21: =C21+B21 -> 0 | G21: ='12'!H21 -> 0 | H21: =SUM(G21,F21) -> 0 | I21: =D21-E21 -> 0 | J21: =E21/F21 -> #DIV/0!
B22: ='12'!I22 -> 0 | D22: =C22+B22 -> 0 | G22: ='12'!H22 -> 0 | H22: =SUM(G22,F22) -> 0 | I22: =D22-E22 -> 0 | J22: =E22/F22 -> #DIV/0!
B23: ='12'!I23 -> 0 | D23: =C23+B23 -> 0 | G23: ='12'!H23 -> 0 | H23: =SUM(G23,F23) -> 0 | I23: =D23-E23 -> 0 | J23: =E23/F23 -> #DIV/0!
B24: ='12'!I24 -> 0 | D24: =C24+B24 -> 0 | G24: ='12'!H24 -> 0 | H24: =SUM(G24,F24) -> 0 | I24: =D24-E24 -> 0 | J24: =E24/F24 -> #DIV/0!
B25: ='12'!I25 -> 0 | D25: =C25+B25 -> 0 | G25: ='12'!H25 -> 0 | H25: =SUM(G25,F25) -> 0 | I25: =D25-E25 -> 0 | J25: =E25/F25 -> #DIV/0!
B26: ='12'!I26 -> 0 | D26: =C26+B26 -> 0 | G26: ='12'!H26 -> 0 | H26: =SUM(G26,F26) -> 0 | I26: =D26-E26 -> 0 | J26: =E26/F26 -> #DIV/0!
B27: ='12'!I27 -> 0 | D27: =C27+B27 -> 0 | G27: ='12'!H27 -> 0 | H27: =SUM(G27,F27) -> 0 | I27: =D27-E27 -> 0 | J27: =E27/F27 -> #DIV/0!
A28: Total HSD | C28: =SUM(C6:C27) -> 550 | D28: =SUM(D6:D27) -> 1314 | E28: =SUM(E6:E27) -> 421 | F28: =SUM(F6:F27) -> 50.5 | I28: =SUM(I6:I27) -> 893
B30: Opening bal | C30: Received | D30: Total Balance | E30: TOP UP | F30: Total Consumption (Ltrs) | G30: Closing Balance. | H30: Remark If Any
A31: Rig Site Diesel | B31: ='12'!G31 -> 340 | C31: 2500 | D31: =SUM(B31:C31) -> 2840 | E31: =C28 -> 550 | F31: =E28 -> 421 | G31: =D31-E31 -> 2290
A32: Rig Site -D.Water | B32: 0 | C32: 0 | D32: =SUM(B32,C32) -> 0 | E32: 0 | F32: 0 | G32: =D32-F32 -> 0
A34: Lubricants & Grease
A35: Lubricants Name | B35: Opening Bal | C35: Received | D35: Total | E35: Consumed | F35: Closing Balance. | G35: Remark
A36: ENGINE OIL 15W40 | B36: ='12'!F36 -> 87 | D36: =SUM(B36:C36) -> 87 | F36: =D36-E36 -> 87
A37: Hydraulic Oil-68 | B37: ='12'!F37 -> 295 | D37: =SUM(B37:C37) -> 295 | E37: 40 | F37: =D37-E37 -> 255 | G37: ADDED IN RIG HYD.TANK.
A38: Gear Oil = 80-W-90 | B38: ='12'!F38 -> 255 | D38: =SUM(B38:C38) -> 255 | E38: 5 | F38: =D38-E38 -> 250 | G38: TOP UP IN WATER PUMP.
A39: Transmission Oil-30 | B39: ='12'!F39 -> 43 | D39: =SUM(B39:C39) -> 43 | F39: =D39-E39 -> 43
A40: SAE-40 Compressor Oil | B40: ='12'!F40 -> 0 | D40: =SUM(B40:C40) -> 0 | F40: =D40-E40 -> 0
A41: REFINED OIL(FOR BCU) | B41: ='12'!F41 -> 0 | D41: =SUM(B41:C41) -> 0 | F41: =D41-E41 -> 0
A42: PREMIX 50-50 COOLANT | B42: ='12'!F42 -> 75 | D42: =SUM(B42:C42) -> 75 | F42: =D42-E42 -> 75
A43: DOPE AS PER API IN KG | B43: ='12'!F43 -> 0 | D43: =SUM(B43:C43) -> 0 | F43: =D43-E43 -> 0
A44: Grease M.P IN KG | B44: ='12'!F44 -> 15 | D44: =SUM(B44:C44) -> 15 | F44: =D44-E44 -> 15
A45: Corona-68 Oil (ULTRA COOLANT) | B45: ='12'!F45 -> 0 | D45: =SUM(B45:C45) -> 0 | F45: =D45-E45 -> 0
A46: Drillo Meter Charging Oil | B46: ='12'!F46 -> 0 | D46: =SUM(B46:C46) -> 0 | F46: =D46-E46 -> 0
A47: BURNT OIL | B47: ='12'!F47 -> 0 | D47: =SUM(B47:C47) -> 0 | F47: =D47-E47 -> 0
A49: Name | B49: Opening Bal. Full Cyl | C49: Received Full Cyl. | D49: Running at site | E49: Empty at Site | F49: Total Cyl at Site | G49: Return to Party | H49: Bal. at Site | I49: Remark
A50: O2 Cyl. | B50: 0 | C50: 0 | D50: 0 | E50: 0 | F50: 0 | G50: 0 | H50: 0
A51: DA Cyl. | B51: 0 | C51: 0 | D51: 0 | E51: 0 | F51: 0 | G51: 0 | H51: 0
A52: N2 | B52: 0 | C52: 0 | D52: 0 | E52: 0 | F52: 0 | G52: 0 | H52: 0

Sheet 14
A1: OPERATION WORKING SHORT DPR
A2: RIG Name :- | B2: GTC-100-01 | G2: Date :- | H2: 46248
A3: Well No :- | B3: GND#592 | C3: R1 | D3: R2 | E3: R3 | F3: ILM | G3: TOTAL
C4: 10 | D4: 2 | E4: 12 | F4: 0 | G4: =SUM(C4,D4,E4,F4) -> 24
A5: Equipments | B5: Opening Stock HSD | C5: Top-up HSD | D5: Total HSD | E5: Total Consu. HSD | F5: Total Consu. HRS | G5: Opening Running HRS | H5: Closing HRS | I5: Closing Stock HSD | J5: Average | K5: Remark If Any
A6: Rig Carrier CAT (C9) | B6: ='13'!I6 -> 383 | C6: 0 | D6: =B6+C6 -> 383 | E6: 110 | F6: 15.4 | G6: ='13'!H6 -> 25324.7 | H6: =SUM(G6,F6) -> 25340.1 | I6: =D6-E6 -> 273 | J6: =E6/F6 -> 7.1428571
A7: Mud Pump (Cummins) | B7: ='13'!I7 -> 206 | C7: 0 | D7: =B7+C7 -> 206 | E7: 0 | F7: 0 | G7: ='13'!H7 -> 1518 | H7: =SUM(G7,F7) -> 1518 | I7: =D7-E7 -> 206 | J7: =E7/F7 -> #DIV/0!
A8: DG-1 E622CDJC204733G (125 KVA) | B8: ='13'!I8 -> 158 | C8: 0 | D8: =B8+C8 -> 158 | E8: 0 | F8: 0 | G8: ='13'!H8 -> 1397 | H8: =SUM(G8,F8) -> 1397 | I8: =D8-E8 -> 158 | J8: =E8/F8 -> #DIV/0!
A9: DG-2 E622CDJF215149G ( 125 KVA ) | B9: ='13'!I9 -> 100 | C9: 150 | D9: =B9+C9 -> 250 | E9: 143 | F9: 24 | G9: ='13'!H9 -> 3306 | H9: =SUM(G9,F9) -> 3330 | I9: =D9-E9 -> 107 | J9: =E9/F9 -> 5.9583333
A10: DG- 3 (Ashok Leyland) (25 KVA) | B10: ='13'!I10 -> 26 | C10: 0 | D10: =B10+C10 -> 26 | E10: 0 | F10: 0 | G10: ='13'!H10 -> 97 | H10: =SUM(G10,F10) -> 97 | I10: =D10-E10 -> 26 | J10: =E10/F10 -> #DIV/0!
A11: DG-4 (Ashok Leyland) Lighting Tower | B11: ='13'!I11 -> 0 | C11: 0 | D11: =B11+C11 -> 0 | E11: 0 | F11: 0 | G11: ='13'!H11 -> 0 | H11: =SUM(G11,F11) -> 0 | I11: =D11-E11 -> 0 | J11: =E11/F11 -> #DIV/0!
A12: Electrical Air Compressor (Kirloskar) | B12: ='13'!I12 -> 0 | C12: 0 | D12: =B12+C12 -> 0 | E12: 0 | F12: 0 | G12: ='13'!H12 -> 0 | H12: =SUM(G12,F12) -> 0 | I12: =D12-E12 -> 0 | J12: =E12/F12 -> #DIV/0!
A13: Fire Pump (Kirloskar) | B13: ='13'!I13 -> 20 | C13: 0 | D13: =B13+C13 -> 20 | E13: 0 | F13: 0 | G13: ='13'!H13 -> 10 | H13: =SUM(G13,F13) -> 10 | I13: =D13-E13 -> 20 | J13: =E13/F13 -> #DIV/0!
A14: Water Tanker (GJ-08 v - 2430) | B14: ='13'!I14 -> 0 | C14: 0 | D14: =B14+C14 -> 0 | E14: 0 | F14: 0 | G14: ='13'!H14 -> 0 | H14: =SUM(G14,F14) -> 0 | I14: =D14-E14 -> 0 | J14: =E14/F14 -> #DIV/0!
A15: Water Tanker (GJ-18 AZ 1825) | B15: ='13'!I15 -> 0 | C15: 0 | D15: =B15+C15 -> 0 | E15: 0 | F15: 0 | G15: ='13'!H15 -> 0 | H15: =SUM(G15,F15) -> 0 | I15: =D15-E15 -> 0 | J15: =E15/F15 -> #DIV/0!
A16: WATER TANKER ( GJ-01-BY-5368) | B16: ='13'!I16 -> 0 | C16: 0 | D16: =C16+B16 -> 0 | E16: 0 | F16: 0 | G16: ='13'!H16 -> 0 | H16: =SUM(G16,F16) -> 0 | I16: =D16-E16 -> 0 | J16: =E16/F16 -> #DIV/0!
A17: OTHERS (CLEANING & SERVICING) | B17: ='13'!I17 -> 0 | C17: 0 | D17: =C17+B17 -> 0 | E17: 0 | F17: 0 | G17: ='13'!H17 -> 0 | H17: =SUM(G17,F17) -> 0 | I17: =D17-E17 -> 0 | J17: =E17/F17 -> #DIV/0!
A18: TRANSFERRED | B18: ='13'!I18 -> 0 | C18: 0 | D18: =C18+B18 -> 0 | E18: 0 | F18: 0 | G18: ='13'!H18 -> 0 | H18: =SUM(G18,F18) -> 0 | I18: =D18-E18 -> 0 | J18: =E18/F18 -> #DIV/0!
B19: ='13'!I19 -> 0 | D19: =C19+B19 -> 0 | G19: ='13'!H19 -> 0 | H19: =SUM(G19,F19) -> 0 | I19: =D19-E19 -> 0 | J19: =E19/F19 -> #DIV/0!
B20: ='13'!I20 -> 0 | D20: =C20+B20 -> 0 | G20: ='13'!H20 -> 0 | H20: =SUM(G20,F20) -> 0 | I20: =D20-E20 -> 0 | J20: =E20/F20 -> #DIV/0!
B21: ='13'!I21 -> 0 | D21: =C21+B21 -> 0 | G21: ='13'!H21 -> 0 | H21: =SUM(G21,F21) -> 0 | I21: =D21-E21 -> 0 | J21: =E21/F21 -> #DIV/0!
B22: ='13'!I22 -> 0 | D22: =C22+B22 -> 0 | G22: ='13'!H22 -> 0 | H22: =SUM(G22,F22) -> 0 | I22: =D22-E22 -> 0 | J22: =E22/F22 -> #DIV/0!
B23: ='13'!I23 -> 0 | D23: =C23+B23 -> 0 | G23: ='13'!H23 -> 0 | H23: =SUM(G23,F23) -> 0 | I23: =D23-E23 -> 0 | J23: =E23/F23 -> #DIV/0!
B24: ='13'!I24 -> 0 | D24: =C24+B24 -> 0 | G24: ='13'!H24 -> 0 | H24: =SUM(G24,F24) -> 0 | I24: =D24-E24 -> 0 | J24: =E24/F24 -> #DIV/0!
B25: ='13'!I25 -> 0 | D25: =C25+B25 -> 0 | G25: ='13'!H25 -> 0 | H25: =SUM(G25,F25) -> 0 | I25: =D25-E25 -> 0 | J25: =E25/F25 -> #DIV/0!
B26: ='13'!I26 -> 0 | D26: =C26+B26 -> 0 | G26: ='13'!H26 -> 0 | H26: =SUM(G26,F26) -> 0 | I26: =D26-E26 -> 0 | J26: =E26/F26 -> #DIV/0!
B27: ='13'!I27 -> 0 | D27: =C27+B27 -> 0 | G27: ='13'!H27 -> 0 | H27: =SUM(G27,F27) -> 0 | I27: =D27-E27 -> 0 | J27: =E27/F27 -> #DIV/0!
A28: Total HSD | C28: =SUM(C6:C27) -> 150 | D28: =SUM(D6:D27) -> 1043 | E28: =SUM(E6:E27) -> 253 | F28: =SUM(F6:F27) -> 39.4 | I28: =SUM(I6:I27) -> 790
B30: Opening bal | C30: Received | D30: Total Balance | E30: TOP UP | F30: Total Consumption (Ltrs) | G30: Closing Balance. | H30: Remark If Any
A31: Rig Site Diesel | B31: ='13'!G31 -> 2290 | C31: 0 | D31: =SUM(B31:C31) -> 2290 | E31: =C28 -> 150 | F31: =E28 -> 253 | G31: =D31-E31 -> 2140
A32: Rig Site -D.Water | B32: 0 | C32: 0 | D32: =SUM(B32,C32) -> 0 | E32: 0 | F32: 0 | G32: =D32-F32 -> 0
A34: Lubricants & Grease
A35: Lubricants Name | B35: Opening Bal | C35: Received | D35: Total | E35: Consumed | F35: Closing Balance. | G35: Remark
A36: ENGINE OIL 15W40 | B36: ='13'!F36 -> 87 | D36: =SUM(B36:C36) -> 87 | F36: =D36-E36 -> 87
A37: Hydraulic Oil-68 | B37: ='13'!F37 -> 255 | D37: =SUM(B37:C37) -> 255 | F37: =D37-E37 -> 255
A38: Gear Oil = 80-W-90 | B38: ='13'!F38 -> 250 | D38: =SUM(B38:C38) -> 250 | E38: 5 | F38: =D38-E38 -> 245 | G38: TOP UP IN RIG PTO.
A39: Transmission Oil-30 | B39: ='13'!F39 -> 43 | D39: =SUM(B39:C39) -> 43 | E39: 10 | F39: =D39-E39 -> 33 | G39: TOP UP IN RIG ALISSION.
A40: SAE-40 Compressor Oil | B40: ='13'!F40 -> 0 | D40: =SUM(B40:C40) -> 0 | F40: =D40-E40 -> 0
A41: REFINED OIL(FOR BCU) | B41: ='13'!F41 -> 0 | D41: =SUM(B41:C41) -> 0 | F41: =D41-E41 -> 0
A42: PREMIX 50-50 COOLANT | B42: ='13'!F42 -> 75 | D42: =SUM(B42:C42) -> 75 | E42: 15 | F42: =D42-E42 -> 60 | G42: TOP UP IN RIG RADIATOR.
A43: DOPE AS PER API IN KG | B43: ='13'!F43 -> 0 | D43: =SUM(B43:C43) -> 0 | F43: =D43-E43 -> 0
A44: Grease M.P IN KG | B44: ='13'!F44 -> 15 | D44: =SUM(B44:C44) -> 15 | F44: =D44-E44 -> 15
A45: Corona-68 Oil (ULTRA COOLANT) | B45: ='13'!F45 -> 0 | D45: =SUM(B45:C45) -> 0 | F45: =D45-E45 -> 0
A46: Drillo Meter Charging Oil | B46: ='13'!F46 -> 0 | D46: =SUM(B46:C46) -> 0 | F46: =D46-E46 -> 0
A47: BURNT OIL | B47: ='13'!F47 -> 0 | D47: =SUM(B47:C47) -> 0 | F47: =D47-E47 -> 0
A49: Name | B49: Opening Bal. Full Cyl | C49: Received Full Cyl. | D49: Running at site | E49: Empty at Site | F49: Total Cyl at Site | G49: Return to Party | H49: Bal. at Site | I49: Remark
A50: O2 Cyl. | B50: 0 | C50: 0 | D50: 0 | E50: 0 | F50: 0 | G50: 0 | H50: 0
A51: DA Cyl. | B51: 0 | C51: 0 | D51: 0 | E51: 0 | F51: 0 | G51: 0 | H51: 0
A52: N2 | B52: 0 | C52: 0 | D52: 0 | E52: 0 | F52: 0 | G52: 0 | H52: 0

Sheet 15
A1: OPERATION WORKING SHORT DPR
A2: RIG Name :- | B2: GTC-100-01 | G2: Date :- | H2: 46249
A3: Well No :- | B3: GND#592 | C3: R1 | D3: R2 | E3: R3 | F3: ILM | G3: TOTAL
C4: 12.5 | D4: 7.5 | E4: 4 | F4: 0 | G4: =SUM(C4,D4,E4,F4) -> 24
A5: Equipments | B5: Opening Stock HSD | C5: Top-up HSD | D5: Total HSD | E5: Total Consu. HSD | F5: Total Consu. HRS | G5: Opening Running HRS | H5: Closing HRS | I5: Closing Stock HSD | J5: Average | K5: Remark If Any
A6: Rig Carrier CAT (C9) | B6: ='14'!I6 -> 273 | C6: 200 | D6: =B6+C6 -> 473 | E6: 130 | F6: 15.5 | G6: ='14'!H6 -> 25340.1 | H6: =SUM(G6,F6) -> 25355.6 | I6: =D6-E6 -> 343 | J6: =E6/F6 -> 8.3870968
A7: Mud Pump (Cummins) | B7: ='14'!I7 -> 206 | C7: 50 | D7: =B7+C7 -> 256 | E7: 25 | F7: 1.5 | G7: ='14'!H7 -> 1518 | H7: =SUM(G7,F7) -> 1519.5 | I7: =D7-E7 -> 231 | J7: =E7/F7 -> 16.666667
A8: DG-1 E622CDJC204733G (125 KVA) | B8: ='14'!I8 -> 158 | C8: 120 | D8: =B8+C8 -> 278 | E8: 147 | F8: 24 | G8: ='14'!H8 -> 1397 | H8: =SUM(G8,F8) -> 1421 | I8: =D8-E8 -> 131 | J8: =E8/F8 -> 6.125
A9: DG-2 E622CDJF215149G ( 125 KVA ) | B9: ='14'!I9 -> 107 | C9: 0 | D9: =B9+C9 -> 107 | E9: 0 | F9: 0 | G9: ='14'!H9 -> 3330 | H9: =SUM(G9,F9) -> 3330 | I9: =D9-E9 -> 107 | J9: =E9/F9 -> #DIV/0!
A10: DG- 3 (Ashok Leyland) (25 KVA) | B10: ='14'!I10 -> 26 | C10: 0 | D10: =B10+C10 -> 26 | E10: 0 | F10: 0 | G10: ='14'!H10 -> 97 | H10: =SUM(G10,F10) -> 97 | I10: =D10-E10 -> 26 | J10: =E10/F10 -> #DIV/0!
A11: DG-4 (Ashok Leyland) Lighting Tower | B11: ='14'!I11 -> 0 | C11: 0 | D11: =B11+C11 -> 0 | E11: 0 | F11: 0 | G11: ='14'!H11 -> 0 | H11: =SUM(G11,F11) -> 0 | I11: =D11-E11 -> 0 | J11: =E11/F11 -> #DIV/0!
A12: Electrical Air Compressor (Kirloskar) | B12: ='14'!I12 -> 0 | C12: 0 | D12: =B12+C12 -> 0 | E12: 0 | F12: 0 | G12: ='14'!H12 -> 0 | H12: =SUM(G12,F12) -> 0 | I12: =D12-E12 -> 0 | J12: =E12/F12 -> #DIV/0!
A13: Fire Pump (Kirloskar) | B13: ='14'!I13 -> 20 | C13: 30 | D13: =B13+C13 -> 50 | E13: 6 | F13: 2 | G13: ='14'!H13 -> 10 | H13: =SUM(G13,F13) -> 12 | I13: =D13-E13 -> 44 | J13: =E13/F13 -> 3
A14: Water Tanker (GJ-08 v - 2430) | B14: ='14'!I14 -> 0 | C14: 0 | D14: =B14+C14 -> 0 | E14: 0 | F14: 0 | G14: ='14'!H14 -> 0 | H14: =SUM(G14,F14) -> 0 | I14: =D14-E14 -> 0 | J14: =E14/F14 -> #DIV/0!
A15: Water Tanker (GJ-18 AZ 1825) | B15: ='14'!I15 -> 0 | C15: 0 | D15: =B15+C15 -> 0 | E15: 0 | F15: 0 | G15: ='14'!H15 -> 0 | H15: =SUM(G15,F15) -> 0 | I15: =D15-E15 -> 0 | J15: =E15/F15 -> #DIV/0!
A16: WATER TANKER ( GJ-01-BY-5368) | B16: ='14'!I16 -> 0 | C16: 0 | D16: =C16+B16 -> 0 | E16: 0 | F16: 0 | G16: ='14'!H16 -> 0 | H16: =SUM(G16,F16) -> 0 | I16: =D16-E16 -> 0 | J16: =E16/F16 -> #DIV/0!
A17: OTHERS (CLEANING & SERVICING) | B17: ='14'!I17 -> 0 | C17: 0 | D17: =C17+B17 -> 0 | E17: 0 | F17: 0 | G17: ='14'!H17 -> 0 | H17: =SUM(G17,F17) -> 0 | I17: =D17-E17 -> 0 | J17: =E17/F17 -> #DIV/0!
A18: TRANSFERRED | B18: ='14'!I18 -> 0 | C18: 0 | D18: =C18+B18 -> 0 | E18: 0 | F18: 0 | G18: ='14'!H18 -> 0 | H18: =SUM(G18,F18) -> 0 | I18: =D18-E18 -> 0 | J18: =E18/F18 -> #DIV/0!
B19: ='14'!I19 -> 0 | D19: =C19+B19 -> 0 | G19: ='14'!H19 -> 0 | H19: =SUM(G19,F19) -> 0 | I19: =D19-E19 -> 0 | J19: =E19/F19 -> #DIV/0!
B20: ='14'!I20 -> 0 | D20: =C20+B20 -> 0 | G20: ='14'!H20 -> 0 | H20: =SUM(G20,F20) -> 0 | I20: =D20-E20 -> 0 | J20: =E20/F20 -> #DIV/0!
B21: ='14'!I21 -> 0 | D21: =C21+B21 -> 0 | G21: ='14'!H21 -> 0 | H21: =SUM(G21,F21) -> 0 | I21: =D21-E21 -> 0 | J21: =E21/F21 -> #DIV/0!
B22: ='14'!I22 -> 0 | D22: =C22+B22 -> 0 | G22: ='14'!H22 -> 0 | H22: =SUM(G22,F22) -> 0 | I22: =D22-E22 -> 0 | J22: =E22/F22 -> #DIV/0!
B23: ='14'!I23 -> 0 | D23: =C23+B23 -> 0 | G23: ='14'!H23 -> 0 | H23: =SUM(G23,F23) -> 0 | I23: =D23-E23 -> 0 | J23: =E23/F23 -> #DIV/0!
B24: ='14'!I24 -> 0 | D24: =C24+B24 -> 0 | G24: ='14'!H24 -> 0 | H24: =SUM(G24,F24) -> 0 | I24: =D24-E24 -> 0 | J24: =E24/F24 -> #DIV/0!
B25: ='14'!I25 -> 0 | D25: =C25+B25 -> 0 | G25: ='14'!H25 -> 0 | H25: =SUM(G25,F25) -> 0 | I25: =D25-E25 -> 0 | J25: =E25/F25 -> #DIV/0!
B26: ='14'!I26 -> 0 | D26: =C26+B26 -> 0 | G26: ='14'!H26 -> 0 | H26: =SUM(G26,F26) -> 0 | I26: =D26-E26 -> 0 | J26: =E26/F26 -> #DIV/0!
B27: ='14'!I27 -> 0 | D27: =C27+B27 -> 0 | G27: ='14'!H27 -> 0 | H27: =SUM(G27,F27) -> 0 | I27: =D27-E27 -> 0 | J27: =E27/F27 -> #DIV/0!
A28: Total HSD | C28: =SUM(C6:C27) -> 400 | D28: =SUM(D6:D27) -> 1190 | E28: =SUM(E6:E27) -> 308 | F28: =SUM(F6:F27) -> 43 | I28: =SUM(I6:I27) -> 882
B30: Opening bal | C30: Received | D30: Total Balance | E30: TOP UP | F30: Total Consumption (Ltrs) | G30: Closing Balance. | H30: Remark If Any
A31: Rig Site Diesel | B31: ='14'!G31 -> 2140 | C31: 0 | D31: =SUM(B31:C31) -> 2140 | E31: =C28 -> 400 | F31: =E28 -> 308 | G31: =D31-E31 -> 1740
A32: Rig Site -D.Water | B32: 0 | C32: 0 | D32: =SUM(B32,C32) -> 0 | E32: 0 | F32: 0 | G32: =D32-F32 -> 0
A34: Lubricants & Grease
A35: Lubricants Name | B35: Opening Bal | C35: Received | D35: Total | E35: Consumed | F35: Closing Balance. | G35: Remark
A36: ENGINE OIL 15W40 | B36: ='14'!F36 -> 87 | D36: =SUM(B36:C36) -> 87 | F36: =D36-E36 -> 87
A37: Hydraulic Oil-68 | B37: ='14'!F37 -> 255 | D37: =SUM(B37:C37) -> 255 | F37: =D37-E37 -> 255
A38: Gear Oil = 80-W-90 | B38: ='14'!F38 -> 245 | D38: =SUM(B38:C38) -> 245 | F38: =D38-E38 -> 245
A39: Transmission Oil-30 | B39: ='14'!F39 -> 33 | D39: =SUM(B39:C39) -> 33 | F39: =D39-E39 -> 33
A40: SAE-40 Compressor Oil | B40: ='14'!F40 -> 0 | D40: =SUM(B40:C40) -> 0 | F40: =D40-E40 -> 0
A41: REFINED OIL(FOR BCU) | B41: ='14'!F41 -> 0 | D41: =SUM(B41:C41) -> 0 | F41: =D41-E41 -> 0
A42: PREMIX 50-50 COOLANT | B42: ='14'!F42 -> 60 | D42: =SUM(B42:C42) -> 60 | F42: =D42-E42 -> 60
A43: DOPE AS PER API IN KG | B43: ='14'!F43 -> 0 | D43: =SUM(B43:C43) -> 0 | F43: =D43-E43 -> 0
A44: Grease M.P IN KG | B44: ='14'!F44 -> 15 | D44: =SUM(B44:C44) -> 15 | E44: 5 | F44: =D44-E44 -> 10 | G44: ISSUED FOR GREASING.
A45: Corona-68 Oil (ULTRA COOLANT) | B45: ='14'!F45 -> 0 | D45: =SUM(B45:C45) -> 0 | F45: =D45-E45 -> 0
A46: Drillo Meter Charging Oil | B46: ='14'!F46 -> 0 | D46: =SUM(B46:C46) -> 0 | F46: =D46-E46 -> 0
A47: BURNT OIL | B47: ='14'!F47 -> 0 | D47: =SUM(B47:C47) -> 0 | F47: =D47-E47 -> 0
A49: Name | B49: Opening Bal. Full Cyl | C49: Received Full Cyl. | D49: Running at site | E49: Empty at Site | F49: Total Cyl at Site | G49: Return to Party | H49: Bal. at Site | I49: Remark
A50: O2 Cyl. | B50: 0 | C50: 0 | D50: 0 | E50: 0 | F50: 0 | G50: 0 | H50: 0
A51: DA Cyl. | B51: 0 | C51: 0 | D51: 0 | E51: 0 | F51: 0 | G51: 0 | H51: 0
A52: N2 | B52: 0 | C52: 0 | D52: 0 | E52: 0 | F52: 0 | G52: 0 | H52: 0

Sheet 16
A1: OPERATION WORKING SHORT DPR
A2: RIG Name :- | B2: GTC-100-1 | G2: Date :- | H2: 46250
A3: Well No :- | B3: GND#592 | C3: R1 | D3: R2 | E3: R3 | F3: ILM | G3: TOTAL
C4: 23 | D4: 1 | E4: 0 | F4: 0 | G4: =SUM(C4,D4,E4,F4) -> 24
A5: Equipments | B5: Opening Stock HSD | C5: Top-up HSD | D5: Total HSD | E5: Total Consu. HSD | F5: Total Consu. HRS | G5: Opening Running HRS | H5: Closing HRS | I5: Closing Stock HSD | J5: Average | K5: Remark If Any
A6: Rig Carrier CAT (C9) | B6: ='15'!I6 -> 343 | C6: 200 | D6: =B6+C6 -> 543 | E6: 202 | F6: 23.5 | G6: ='15'!H6 -> 25355.6 | H6: =SUM(G6,F6) -> 25379.1 | I6: =D6-E6 -> 341 | J6: =E6/F6 -> 8.5957447
A7: Mud Pump (Cummins) | B7: ='15'!I7 -> 231 | C7: 0 | D7: =B7+C7 -> 231 | E7: 33 | F7: 2 | G7: ='15'!H7 -> 1519.5 | H7: =SUM(G7,F7) -> 1521.5 | I7: =D7-E7 -> 198 | J7: =E7/F7 -> 16.5
A8: DG-1 E622CDJC204733G (125 KVA) | B8: ='15'!I8 -> 131 | C8: 170 | D8: =B8+C8 -> 301 | E8: 145 | F8: 24 | G8: ='15'!H8 -> 1421 | H8: =SUM(G8,F8) -> 1445 | I8: =D8-E8 -> 156 | J8: =E8/F8 -> 6.0416667
A9: DG-2 E622CDJF215149G ( 125 KVA ) | B9: ='15'!I9 -> 107 | C9: 0 | D9: =B9+C9 -> 107 | E9: 0 | F9: 0 | G9: ='15'!H9 -> 3330 | H9: =SUM(G9,F9) -> 3330 | I9: =D9-E9 -> 107 | J9: =E9/F9 -> #DIV/0!
A10: DG- 3 (Ashok Leyland) (25 KVA) | B10: ='15'!I10 -> 26 | C10: 0 | D10: =B10+C10 -> 26 | E10: 0 | F10: 0 | G10: ='15'!H10 -> 97 | H10: =SUM(G10,F10) -> 97 | I10: =D10-E10 -> 26 | J10: =E10/F10 -> #DIV/0!
A11: DG-4 (Ashok Leyland) Lighting Tower | B11: ='15'!I11 -> 0 | C11: 0 | D11: =B11+C11 -> 0 | E11: 0 | F11: 0 | G11: ='15'!H11 -> 0 | H11: =SUM(G11,F11) -> 0 | I11: =D11-E11 -> 0 | J11: =E11/F11 -> #DIV/0!
A12: Electrical Air Compressor (Kirloskar) | B12: ='15'!I12 -> 0 | C12: 0 | D12: =B12+C12 -> 0 | E12: 0 | F12: 0 | G12: ='15'!H12 -> 0 | H12: =SUM(G12,F12) -> 0 | I12: =D12-E12 -> 0 | J12: =E12/F12 -> #DIV/0!
A13: Fire Pump (Kirloskar) | B13: ='15'!I13 -> 44 | C13: 0 | D13: =B13+C13 -> 44 | E13: 0 | F13: 0 | G13: ='15'!H13 -> 12 | H13: =SUM(G13,F13) -> 12 | I13: =D13-E13 -> 44 | J13: =E13/F13 -> #DIV/0!
A14: Water Tanker (GJ-08 v - 2430) | B14: ='15'!I14 -> 0 | C14: 0 | D14: =B14+C14 -> 0 | E14: 0 | F14: 0 | G14: ='15'!H14 -> 0 | H14: =SUM(G14,F14) -> 0 | I14: =D14-E14 -> 0 | J14: =E14/F14 -> #DIV/0!
A15: Water Tanker (GJ-18 AZ 1825) | B15: ='15'!I15 -> 0 | C15: 0 | D15: =B15+C15 -> 0 | E15: 0 | F15: 0 | G15: ='15'!H15 -> 0 | H15: =SUM(G15,F15) -> 0 | I15: =D15-E15 -> 0 | J15: =E15/F15 -> #DIV/0!
A16: WATER TANKER ( GJ-01-BY-5368) | B16: ='15'!I16 -> 0 | C16: 0 | D16: =C16+B16 -> 0 | E16: 0 | F16: 0 | G16: ='15'!H16 -> 0 | H16: =SUM(G16,F16) -> 0 | I16: =D16-E16 -> 0 | J16: =E16/F16 -> #DIV/0!
A17: OTHERS (CLEANING & SERVICING) | B17: ='15'!I17 -> 0 | C17: 25 | D17: =C17+B17 -> 25 | E17: 0 | F17: 0 | G17: ='15'!H17 -> 0 | H17: =SUM(G17,F17) -> 0 | I17: =D17-E17 -> 25 | J17: =E17/F17 -> #DIV/0! | K17: issued for rig alission cleaning.
A18: TRANSFERRED | B18: ='15'!I18 -> 0 | C18: 0 | D18: =C18+B18 -> 0 | E18: 0 | F18: 0 | G18: ='15'!H18 -> 0 | H18: =SUM(G18,F18) -> 0 | I18: =D18-E18 -> 0 | J18: =E18/F18 -> #DIV/0!
B19: ='15'!I19 -> 0 | D19: =C19+B19 -> 0 | G19: ='15'!H19 -> 0 | H19: =SUM(G19,F19) -> 0 | I19: =D19-E19 -> 0 | J19: =E19/F19 -> #DIV/0!
B20: ='15'!I20 -> 0 | D20: =C20+B20 -> 0 | G20: ='15'!H20 -> 0 | H20: =SUM(G20,F20) -> 0 | I20: =D20-E20 -> 0 | J20: =E20/F20 -> #DIV/0!
B21: ='15'!I21 -> 0 | D21: =C21+B21 -> 0 | G21: ='15'!H21 -> 0 | H21: =SUM(G21,F21) -> 0 | I21: =D21-E21 -> 0 | J21: =E21/F21 -> #DIV/0!
B22: ='15'!I22 -> 0 | D22: =C22+B22 -> 0 | G22: ='15'!H22 -> 0 | H22: =SUM(G22,F22) -> 0 | I22: =D22-E22 -> 0 | J22: =E22/F22 -> #DIV/0!
B23: ='15'!I23 -> 0 | D23: =C23+B23 -> 0 | G23: ='15'!H23 -> 0 | H23: =SUM(G23,F23) -> 0 | I23: =D23-E23 -> 0 | J23: =E23/F23 -> #DIV/0!
B24: ='15'!I24 -> 0 | D24: =C24+B24 -> 0 | G24: ='15'!H24 -> 0 | H24: =SUM(G24,F24) -> 0 | I24: =D24-E24 -> 0 | J24: =E24/F24 -> #DIV/0!
B25: ='15'!I25 -> 0 | D25: =C25+B25 -> 0 | G25: ='15'!H25 -> 0 | H25: =SUM(G25,F25) -> 0 | I25: =D25-E25 -> 0 | J25: =E25/F25 -> #DIV/0!
B26: ='15'!I26 -> 0 | D26: =C26+B26 -> 0 | G26: ='15'!H26 -> 0 | H26: =SUM(G26,F26) -> 0 | I26: =D26-E26 -> 0 | J26: =E26/F26 -> #DIV/0!
